CustomerID,Age,Gender,Location,IncomeLevel,WorkoutsPerWeek,AppUsageFrequency,ParticipationInChallenges,WorkoutDecline,SubscriptionPlan,SubscriptionDurationMonths,PaymentHistory,SupportTickets,SupportResponseTime,SatisfactionScore,MarketingEmailsClicked,EngagementWithSocialAds,Churn
1,56,1,1,2,4,0,1,0,1,21,1,2,29,4,1,0,0
2,46,0,0,0,1,1,1,1,1,9,0,3,5,3,8,1,0
3,32,0,1,0,4,2,0,1,0,17,0,1,6,4,3,1,0
4,60,0,1,1,4,1,1,0,1,5,1,2,31,3,3,0,0
5,25,1,1,2,2,0,1,1,0,31,0,1,16,2,6,1,1
6,38,1,1,0,2,2,0,1,1,19,0,3,31,2,9,0,1
7,56,1,2,0,5,1,1,1,1,33,0,1,25,4,9,1,0
8,36,1,2,1,1,2,0,0,0,13,0,1,46,2,1,0,0
9,40,1,0,1,0,2,1,1,0,14,0,1,33,3,2,0,0
10,28,1,2,0,6,0,1,0,0,33,1,2,13,2,2,0,0
11,28,1,2,2,1,1,1,0,1,29,1,0,10,4,5,0,1
12,41,1,0,2,1,2,0,0,1,10,1,4,24,3,2,1,1
13,53,0,0,1,3,2,1,0,1,31,0,1,10,1,4,0,0
14,57,0,0,1,5,1,0,0,0,6,0,1,41,3,3,1,0
15,41,1,2,0,3,2,0,1,1,1,0,1,31,2,2,0,0
16,20,1,2,1,1,2,1,0,0,7,1,0,13,1,7,0,0
17,39,0,0,0,1,2,0,0,0,27,0,3,3,3,9,1,1
18,19,1,1,2,1,1,1,0,0,21,0,2,34,1,2,1,0
19,41,1,0,2,4,1,0,1,1,28,0,0,28,1,5,1,0
20,61,1,1,0,6,1,0,1,1,16,1,1,19,1,6,0,0
21,47,0,1,1,6,1,1,1,0,23,1,0,23,3,6,0,1
22,55,0,0,2,3,0,1,1,1,20,0,0,45,2,1,1,0
23,19,0,0,1,1,2,1,0,0,25,0,0,32,3,2,0,1
24,38,0,0,2,6,1,1,0,0,28,0,3,13,2,9,1,1
25,50,0,2,0,2,2,0,1,1,5,1,4,33,3,9,0,1
26,29,1,1,0,6,2,0,1,0,21,1,2,34,3,3,0,0
27,39,0,2,0,5,0,0,1,0,18,1,3,33,3,6,0,0
28,61,1,2,2,5,1,1,1,1,6,0,3,5,2,1,1,0
29,42,1,0,1,6,1,0,0,0,29,1,4,3,3,2,0,0
30,44,0,2,1,2,2,1,1,0,19,0,3,7,1,6,1,0
31,59,0,0,1,5,1,0,1,0,33,0,0,24,3,6,1,0
32,45,1,1,2,4,2,1,1,0,1,1,0,22,1,9,0,0
33,33,1,0,2,6,2,0,1,0,3,0,1,45,4,2,1,1
34,32,1,2,2,4,0,0,1,0,21,1,3,23,4,0,1,0
35,64,0,2,2,6,0,1,1,0,35,0,1,30,2,2,0,0
36,61,0,0,2,0,0,0,1,1,3,0,2,18,2,4,1,1
37,20,0,0,1,0,2,1,0,1,25,1,0,32,4,6,1,1
38,54,0,2,2,0,1,0,0,0,20,0,2,7,3,3,0,1
39,24,0,1,2,5,0,0,0,0,34,0,4,33,3,0,0,1
40,38,1,1,1,4,1,1,0,1,21,0,0,5,3,5,0,1
41,26,0,0,2,4,0,1,0,1,23,0,2,28,4,1,1,0
42,56,1,1,1,4,0,0,0,1,6,0,4,8,1,2,1,0
43,35,1,2,1,2,2,0,1,1,13,0,2,15,2,3,0,0
44,21,1,0,0,4,0,0,1,1,23,0,4,4,1,5,1,0
45,42,0,2,0,2,0,0,0,0,9,0,4,34,4,5,0,0
46,31,0,2,0,0,2,0,1,1,17,1,0,5,1,6,0,0
47,26,0,1,0,0,1,0,0,1,2,1,1,33,3,4,0,0
48,43,1,0,2,5,0,1,1,1,19,0,4,5,3,6,1,0
49,19,1,0,0,6,2,1,1,0,19,0,4,38,1,1,1,0
50,37,1,1,1,0,0,1,1,0,7,1,0,34,4,0,0,1
51,45,1,2,2,6,2,0,1,0,20,0,1,26,1,9,0,0
52,64,1,2,0,6,1,0,1,0,9,1,3,1,3,7,1,1
53,24,1,2,1,5,1,0,1,0,17,1,3,4,3,0,0,0
54,61,0,2,2,1,2,1,0,0,27,1,1,39,4,1,1,1
55,25,0,0,2,1,2,1,0,1,2,0,2,26,1,9,0,1
56,64,0,0,0,3,2,0,1,0,19,0,0,33,3,5,0,0
57,52,0,1,2,5,1,0,0,0,17,0,1,33,3,0,1,0
58,31,1,1,1,3,0,1,1,1,5,1,3,8,1,9,1,0
59,34,1,0,2,3,1,1,0,0,18,1,4,20,1,2,1,1
60,53,0,0,1,1,2,1,1,1,7,1,3,16,2,6,1,1
61,57,1,2,2,5,2,0,0,1,17,0,4,21,4,7,1,1
62,21,0,2,0,1,1,0,1,0,4,1,0,45,4,3,0,0
63,19,0,1,1,3,2,0,0,1,25,1,4,26,1,2,0,0
64,23,0,0,2,5,1,1,1,1,5,0,1,23,4,0,1,1
65,59,1,1,2,3,2,1,0,1,30,1,4,18,3,8,1,0
66,21,0,0,2,4,0,0,1,1,12,1,2,31,1,9,0,0
67,46,0,2,1,6,0,0,1,0,4,0,1,42,1,5,0,0
68,35,0,1,1,5,2,1,1,1,24,0,0,12,1,5,1,1
69,43,1,1,1,5,1,0,0,0,29,1,1,1,2,8,1,0
70,61,1,0,0,6,0,1,0,1,9,0,2,42,4,0,0,0
71,51,0,2,0,3,1,1,0,1,4,1,0,9,2,5,1,0
72,27,1,1,1,4,2,0,1,1,24,0,3,3,3,4,0,1
73,53,1,2,2,2,1,1,0,0,14,1,2,26,4,5,0,0
74,31,1,1,0,6,0,0,1,0,5,0,0,9,2,7,1,0
75,48,1,2,1,1,1,1,0,0,18,1,4,42,1,4,0,0
76,32,1,0,2,3,1,1,0,1,19,0,1,16,2,1,0,1
77,25,1,1,0,6,2,0,0,1,12,0,0,24,1,1,0,1
78,31,1,1,2,6,2,1,0,1,18,0,1,14,2,9,1,1
79,40,1,2,2,5,2,0,1,1,17,0,4,3,2,4,0,0
80,57,1,2,2,1,0,0,0,0,30,0,0,34,2,2,1,1
81,38,1,1,2,1,0,1,0,1,24,0,3,33,1,9,0,0
82,33,0,0,0,1,2,0,1,0,11,0,2,24,2,2,0,0
83,62,0,2,0,6,2,0,1,1,35,1,0,9,4,7,0,0
84,35,1,2,0,2,0,0,0,0,23,1,4,13,4,6,0,0
85,64,0,2,1,0,0,0,0,0,17,0,0,2,4,0,0,1
86,41,0,1,0,3,0,0,1,1,1,0,1,7,1,4,1,0
87,43,1,1,2,0,0,0,1,1,15,1,0,21,1,8,1,0
88,42,1,1,0,6,2,1,1,0,32,1,3,19,4,3,0,0
89,62,1,1,2,0,0,0,0,1,9,0,0,25,4,0,1,0
90,58,0,0,1,6,2,1,0,1,15,1,2,47,4,7,1,0
91,46,0,0,2,0,1,1,0,0,28,1,0,22,3,4,0,0
92,32,1,1,2,1,1,0,1,0,24,0,1,11,4,1,1,0
93,62,1,0,2,4,0,1,1,0,35,0,0,33,2,0,1,0
94,18,1,2,1,1,1,1,1,0,22,0,3,32,3,2,1,0
95,42,0,2,0,1,1,0,0,1,27,1,4,21,3,8,1,1
96,24,0,2,0,5,1,0,1,0,19,0,0,39,1,0,0,0
97,26,0,1,1,5,0,0,0,0,12,0,0,20,2,3,1,1
98,41,0,2,2,0,0,1,1,0,20,1,2,8,1,7,0,1
99,18,1,0,0,6,1,1,0,1,1,0,3,42,1,7,0,1
100,61,1,1,1,1,2,0,0,0,21,1,4,37,2,9,1,0
101,25,1,0,0,0,1,0,1,1,1,1,1,9,1,7,0,0
102,41,1,2,1,5,0,1,0,0,10,1,0,25,2,9,1,1
103,28,0,2,2,4,0,1,1,0,32,1,4,25,2,7,0,0
104,34,0,2,0,3,0,1,0,1,22,1,1,33,1,3,1,0
105,25,1,1,1,0,1,1,1,0,18,1,3,2,4,7,1,0
106,52,1,0,0,4,2,0,1,0,32,0,3,19,1,8,0,0
107,52,0,1,0,3,0,1,0,1,27,0,4,46,3,6,1,1
108,50,1,1,0,2,0,1,1,0,28,0,1,20,1,1,1,0
109,22,0,2,0,0,1,1,0,0,18,1,3,42,2,8,1,0
110,59,1,1,1,0,2,1,1,0,29,0,4,41,3,7,1,0
111,56,1,1,2,2,1,0,1,0,18,1,3,42,2,4,0,0
112,58,1,2,1,2,0,0,1,1,8,0,3,29,4,2,0,0
113,45,1,1,1,0,2,1,1,0,31,1,3,6,4,6,0,0
114,24,1,2,1,2,2,1,0,1,34,0,2,17,3,1,1,1
115,26,1,2,2,1,0,0,1,0,7,1,1,25,4,2,0,0
116,25,1,2,0,3,2,0,1,1,18,0,4,38,4,8,1,1
117,29,0,2,0,3,2,1,0,0,9,1,4,4,1,3,1,0
118,51,0,1,0,3,1,1,0,1,9,0,1,30,1,3,1,0
119,50,0,2,2,1,0,0,0,0,8,1,1,20,4,2,0,0
120,40,0,2,0,6,0,0,0,1,35,0,1,3,4,4,0,0
121,41,0,1,2,2,0,0,0,1,18,0,1,23,1,2,0,1
122,54,1,1,0,4,0,0,0,0,5,0,0,18,4,8,0,1
123,52,1,0,0,2,0,0,1,1,14,1,4,26,4,2,1,0
124,61,0,1,1,0,2,0,0,0,28,1,0,36,2,1,0,0
125,57,1,1,2,5,1,1,1,0,30,1,3,8,4,4,0,1
126,39,0,0,1,3,0,0,0,0,4,1,3,17,3,5,0,0
127,44,0,1,1,2,1,0,1,0,20,1,4,31,2,0,0,0
128,52,1,1,1,4,1,0,1,0,25,0,3,37,3,5,1,1
129,18,1,1,2,0,2,0,1,1,28,1,1,45,4,9,0,0
130,52,1,1,2,1,0,1,0,0,12,0,0,33,1,2,0,1
131,54,0,0,0,6,2,1,0,0,2,0,1,27,2,3,0,0
132,64,1,1,1,1,0,0,0,0,14,1,3,45,1,5,1,1
133,31,0,1,0,4,2,1,0,0,22,0,0,4,2,7,0,0
134,20,0,0,1,0,1,1,1,0,31,1,1,22,1,8,0,0
135,18,0,2,2,3,0,1,0,0,23,1,4,26,2,5,0,0
136,22,1,0,2,2,1,1,1,1,20,1,1,32,2,6,1,0
137,43,1,2,2,0,1,1,1,1,4,0,3,24,3,4,1,0
138,31,0,0,1,6,2,1,0,0,15,1,0,46,1,8,0,0
139,56,1,0,2,1,0,0,0,1,24,1,4,35,3,3,0,0
140,44,1,1,1,6,1,0,0,0,25,1,0,37,3,9,1,1
141,26,1,2,0,6,2,0,1,0,1,0,4,32,1,5,1,0
142,32,0,1,1,4,0,0,0,0,7,1,0,7,2,4,1,0
143,32,0,2,0,4,0,0,1,0,31,0,3,33,3,0,1,0
144,43,1,0,1,2,1,1,0,0,12,0,4,31,1,4,1,0
145,59,0,0,0,4,0,0,1,1,5,1,2,12,2,4,0,0
146,30,1,2,2,4,1,0,0,1,12,0,0,11,3,8,0,0
147,49,1,1,0,0,0,1,0,1,18,0,0,24,3,0,0,1
148,56,1,1,2,3,2,1,1,1,2,1,1,8,3,4,0,0
149,49,1,1,2,2,1,0,0,0,10,1,4,32,2,6,1,0
150,21,0,1,0,0,1,1,0,1,15,1,2,38,3,5,1,1
151,47,0,0,1,3,0,1,0,0,30,0,3,22,2,5,1,1
152,54,0,0,1,6,0,1,0,1,17,1,1,34,4,6,1,0
153,40,1,0,1,0,1,1,0,1,4,0,2,19,3,5,1,1
154,56,1,0,1,5,0,0,0,1,7,0,4,20,4,4,0,0
155,62,1,0,1,0,2,1,0,1,31,0,2,14,1,9,0,1
156,32,0,1,2,4,0,0,1,0,34,0,0,33,3,4,0,0
157,60,1,1,1,3,2,0,1,1,6,0,0,10,1,8,0,0
158,46,0,1,2,2,2,1,0,1,34,1,1,16,1,7,0,1
159,53,0,1,2,2,2,1,0,0,15,1,4,4,1,9,1,0
160,30,0,0,2,3,2,1,0,0,14,0,4,27,4,3,1,0
161,49,0,0,0,4,2,0,1,1,6,0,2,28,2,3,1,0
162,24,0,0,0,1,0,1,1,0,32,1,1,43,4,9,1,0
163,39,0,2,2,0,2,1,0,0,3,1,4,16,4,4,1,0
164,45,1,1,0,4,0,1,1,0,3,0,0,33,1,2,0,0
165,19,1,1,1,5,2,1,0,1,22,0,2,19,3,7,0,0
166,59,0,0,1,6,1,1,0,0,22,1,3,21,2,6,0,0
167,62,0,1,2,3,2,0,0,1,10,1,0,22,1,4,1,0
168,23,1,1,1,0,1,1,0,1,3,0,1,9,2,9,1,0
169,45,0,0,2,2,2,1,1,1,12,1,4,9,4,2,1,0
170,45,0,2,2,6,2,1,1,1,29,1,0,9,2,4,1,1
171,61,1,2,1,1,2,0,0,0,17,0,3,27,2,2,0,0
172,61,0,2,0,5,1,1,1,1,7,0,3,17,3,9,1,0
173,37,0,0,1,2,1,0,1,0,13,0,1,44,1,4,0,1
174,47,0,1,1,3,2,0,0,1,2,1,0,45,2,0,1,1
175,28,1,0,2,0,0,1,1,0,4,0,2,8,2,5,0,0
176,45,1,0,2,3,2,1,0,1,10,1,0,16,4,9,1,1
177,42,1,1,2,6,1,1,0,0,24,0,3,18,4,3,1,0
178,56,0,2,2,0,2,0,0,1,17,0,1,33,2,3,0,1
179,50,0,2,0,4,1,0,0,1,6,1,1,1,1,7,0,0
180,18,1,0,0,1,1,0,1,0,19,1,2,12,2,1,1,0
181,44,0,2,0,4,1,0,0,1,5,0,1,6,2,3,0,0
182,30,0,0,2,4,2,0,1,1,32,0,1,41,3,1,1,1
183,58,0,0,2,3,1,0,0,1,10,1,1,5,1,0,1,0
184,20,0,1,2,6,1,1,0,0,9,0,1,16,3,9,0,0
185,56,0,1,0,1,2,1,1,1,27,1,1,18,1,2,1,0
186,23,1,1,2,0,1,0,0,1,13,1,3,18,1,7,1,1
187,25,0,0,1,0,2,1,1,0,19,0,0,1,1,5,0,1
188,44,1,1,1,5,1,1,1,0,21,1,4,19,3,6,1,0
189,26,0,2,2,2,0,0,0,0,24,1,1,8,3,1,1,0
190,54,1,2,1,5,0,0,0,0,4,1,4,3,3,5,1,0
191,50,0,0,1,5,1,1,0,0,24,0,4,25,4,7,1,0
192,59,1,0,0,0,0,0,0,1,35,1,3,5,3,7,0,1
193,61,0,1,2,3,2,0,0,1,3,0,1,40,4,3,0,0
194,41,1,0,2,4,0,1,0,1,4,0,4,19,4,5,0,0
195,32,0,0,0,6,1,0,1,0,35,0,1,18,4,4,1,0
196,49,1,2,1,4,1,1,1,1,31,1,2,31,2,8,0,0
197,49,0,2,1,4,2,1,0,0,25,1,2,33,2,7,0,0
198,41,1,1,2,1,1,1,1,0,13,0,2,47,2,1,0,0
199,58,1,0,1,0,2,1,1,1,4,0,4,18,4,6,1,0
200,29,0,0,0,6,0,1,0,0,14,1,2,39,4,6,0,0
201,56,0,2,0,3,0,0,0,0,13,0,3,16,1,0,0,0
202,19,1,0,2,1,2,0,1,1,27,0,3,16,4,0,1,0
203,20,0,2,0,2,2,0,0,0,6,1,4,47,2,3,1,0
204,54,1,1,0,3,1,0,1,0,17,0,1,38,4,4,1,1
205,34,1,2,2,5,0,1,0,1,35,1,0,41,4,3,1,0
206,19,1,0,0,3,2,1,1,0,17,1,1,7,1,6,1,0
207,19,0,1,0,3,0,0,1,0,2,0,1,14,4,2,1,1
208,45,1,2,0,4,2,1,1,1,13,1,1,43,3,6,0,0
209,40,1,2,1,3,0,0,1,1,2,1,1,25,1,7,0,0
210,54,0,1,2,5,1,0,0,1,28,1,0,32,4,5,1,0
211,49,0,1,2,5,0,0,0,1,26,0,2,38,4,5,1,0
212,50,0,2,2,0,0,1,1,0,22,0,1,22,1,7,0,0
213,18,0,0,1,3,0,1,1,0,3,0,3,16,4,7,1,0
214,36,1,2,1,4,0,1,0,1,35,1,4,29,2,6,1,1
215,19,1,1,2,3,0,1,0,0,12,1,4,16,3,5,0,1
216,61,1,2,1,2,1,0,1,0,24,0,3,12,3,5,1,0
217,43,1,1,2,2,2,1,1,1,5,0,1,17,2,9,1,0
218,49,0,1,1,4,0,1,1,1,20,1,0,37,4,5,0,0
219,23,1,0,0,0,1,1,1,0,13,0,2,27,4,7,0,0
220,49,1,1,0,0,0,0,1,1,12,0,4,25,3,0,0,0
221,21,0,1,2,5,0,0,0,1,13,0,2,13,4,4,0,1
222,28,1,0,1,5,2,1,1,1,10,0,0,8,3,2,0,0
223,34,1,1,1,1,0,1,0,0,33,0,4,5,3,7,1,1
224,55,1,0,0,4,1,1,0,1,16,1,2,12,2,5,1,1
225,41,1,0,0,3,1,1,0,0,35,0,0,41,3,1,1,1
226,22,1,1,1,6,2,0,1,0,3,0,2,3,4,6,1,0
227,51,1,1,1,4,0,1,0,0,5,1,1,35,4,6,1,0
228,23,0,2,1,1,1,1,0,1,26,1,0,33,1,4,0,0
229,39,0,0,1,5,0,1,0,1,11,1,2,22,4,7,1,0
230,28,1,2,1,4,0,0,0,1,7,1,1,44,1,4,1,0
231,33,1,1,1,4,0,0,1,1,10,0,1,9,3,0,1,0
232,50,0,2,2,5,2,1,1,1,34,0,0,41,4,8,1,0
233,26,1,0,1,1,0,1,0,0,3,0,3,18,2,3,1,0
234,23,1,2,0,5,1,1,0,0,8,0,4,29,2,1,0,1
235,33,1,0,2,0,0,1,1,0,31,1,0,39,2,3,1,0
236,46,0,1,1,3,1,1,1,1,11,1,1,27,3,8,1,0
237,20,1,1,0,5,0,0,1,0,7,0,1,36,3,1,1,0
238,37,0,0,2,1,1,0,0,0,2,0,0,45,1,3,1,1
239,53,1,1,0,2,1,0,1,1,6,0,3,17,2,1,1,0
240,36,0,1,1,0,0,1,0,1,32,0,4,34,1,4,1,0
241,43,0,1,1,2,0,0,0,0,20,1,2,46,1,2,0,0
242,20,1,1,1,6,1,0,1,0,34,0,0,3,4,9,1,1
243,36,0,0,1,5,2,0,0,1,16,1,4,5,4,1,0,1
244,37,1,2,2,0,0,1,1,1,25,1,4,14,2,8,0,0
245,49,0,2,2,3,2,1,0,1,12,1,1,3,3,4,1,0
246,24,1,1,0,5,0,0,1,1,7,1,2,23,4,9,1,0
247,58,1,2,1,3,0,1,0,0,17,0,0,39,3,4,1,0
248,50,0,2,0,4,0,0,0,0,11,0,1,30,1,0,0,0
249,57,1,1,2,2,0,0,1,1,6,0,1,45,1,5,1,1
250,56,1,1,1,0,2,0,1,0,23,0,3,23,1,6,1,1
251,35,0,2,1,3,0,0,1,0,27,1,4,27,1,0,1,0
252,57,1,0,2,1,1,1,1,1,6,1,0,10,2,8,0,0
253,18,1,1,2,3,1,1,0,0,2,1,0,25,1,7,0,0
254,28,0,0,2,1,2,1,1,0,22,0,0,13,4,7,1,1
255,45,0,2,2,5,0,1,1,0,20,1,1,16,1,6,0,1
256,42,1,1,2,0,1,0,0,1,25,1,3,41,3,4,1,0
257,40,1,0,1,3,2,1,1,1,15,1,2,34,4,2,0,0
258,48,0,1,2,6,0,0,1,0,29,1,1,37,3,8,1,0
259,47,0,2,1,3,1,1,0,1,8,0,2,22,3,6,0,0
260,59,1,0,1,6,1,1,1,1,33,1,3,17,2,9,1,1
261,52,0,2,2,0,2,1,1,1,22,1,4,23,2,9,1,0
262,24,1,2,2,3,0,0,1,0,5,0,0,36,3,7,0,1
263,33,1,1,1,1,0,0,1,0,18,0,2,9,3,5,0,0
264,43,1,0,2,3,1,0,1,1,30,0,1,2,1,4,0,1
265,19,1,2,2,2,1,0,1,0,31,1,2,32,4,7,0,0
266,18,1,2,2,5,1,1,0,0,10,1,4,22,1,2,0,1
267,29,0,0,0,4,0,0,1,0,15,1,0,43,2,6,1,0
268,22,0,2,1,1,2,0,0,0,18,1,2,13,2,1,1,0
269,54,0,2,0,2,2,1,0,0,23,0,4,8,1,2,0,0
270,49,0,0,2,6,0,1,0,1,33,1,1,1,4,1,1,0
271,26,1,0,0,5,2,0,0,0,16,1,3,17,3,4,1,0
272,58,1,0,2,0,1,1,1,0,35,0,1,12,1,6,0,0
273,52,1,0,0,1,2,0,1,0,34,0,0,4,2,9,1,1
274,36,1,1,2,4,2,1,1,1,28,0,1,13,4,9,1,0
275,33,0,0,0,5,2,0,0,1,2,1,1,31,2,0,0,1
276,20,1,1,0,6,1,0,1,1,30,1,1,41,4,9,0,1
277,37,1,1,0,4,0,0,1,0,13,1,1,7,4,8,1,0
278,41,0,1,1,0,1,0,1,1,16,1,0,23,4,0,0,0
279,50,0,2,0,0,0,0,0,1,5,1,4,24,1,0,1,0
280,41,0,1,1,6,0,1,0,1,28,0,2,5,1,9,0,0
281,28,0,1,2,1,0,0,1,1,20,0,3,5,1,7,0,0
282,25,1,2,0,6,2,0,0,0,24,1,2,17,4,5,0,1
283,53,1,2,2,3,2,0,0,1,27,1,2,30,4,5,0,0
284,55,0,2,2,0,0,0,1,1,30,1,3,9,2,8,1,0
285,57,1,0,0,5,0,0,0,0,27,1,0,6,3,3,0,0
286,37,1,2,1,3,2,1,0,0,26,1,3,25,1,7,0,1
287,52,1,2,0,2,1,1,1,1,7,0,0,19,4,3,1,0
288,42,0,1,2,4,0,0,0,0,5,0,2,16,2,1,1,0
289,52,1,2,2,3,1,1,0,1,23,0,0,21,2,7,1,0
290,42,0,0,0,4,2,0,0,0,28,1,4,2,2,6,1,0
291,46,1,2,1,6,0,1,0,0,34,1,3,10,1,3,0,1
292,35,1,0,1,3,1,1,0,1,15,0,4,16,1,8,1,1
293,63,1,2,2,6,1,0,0,0,32,0,2,37,3,8,0,0
294,35,0,2,2,2,1,1,0,1,26,1,3,15,2,7,1,0
295,19,1,2,1,0,2,1,0,0,31,0,2,13,1,0,0,0
296,52,0,2,0,2,2,0,1,1,19,0,4,13,2,6,1,0
297,33,0,0,2,0,1,0,1,0,9,1,2,32,4,4,0,0
298,58,0,0,1,6,1,1,1,0,29,0,3,45,2,6,0,0
299,53,1,1,2,0,2,1,1,0,4,0,3,47,3,8,1,0
300,50,1,0,0,4,1,1,0,0,3,0,2,46,1,1,0,1
301,21,1,2,1,5,1,0,1,0,29,1,3,8,4,3,0,0
302,50,1,1,2,2,2,1,1,1,11,0,3,43,1,3,0,1
303,31,0,1,0,3,1,1,0,0,33,0,2,18,4,1,0,0
304,38,0,1,2,2,1,1,0,1,11,0,4,36,2,2,1,0
305,37,0,2,0,4,1,0,0,1,27,1,3,26,2,7,0,1
306,25,1,0,0,0,2,0,0,1,33,1,3,10,3,8,0,0
307,24,0,2,1,4,1,0,0,0,21,0,3,31,3,5,1,0
308,20,1,1,0,1,2,0,1,1,31,1,3,33,4,9,1,0
309,34,0,2,2,1,2,1,0,0,2,0,2,29,3,1,1,0
310,50,1,2,0,3,0,0,1,1,27,1,4,5,3,1,0,1
311,29,1,0,0,4,0,1,1,1,11,1,4,13,3,6,0,1
312,39,0,0,1,6,1,1,0,1,18,0,0,1,3,7,1,0
313,39,0,1,0,3,2,1,1,1,1,0,3,23,2,7,0,0
314,63,0,2,0,6,0,1,1,1,35,0,3,40,3,5,1,0
315,47,0,2,2,3,1,0,0,0,35,1,0,3,2,9,0,0
316,55,1,0,1,1,0,0,1,1,31,0,4,3,2,7,1,0
317,55,0,2,1,3,0,0,1,1,28,1,1,7,1,0,0,0
318,62,0,2,1,1,2,0,1,0,1,1,1,36,2,8,1,0
319,25,0,2,0,0,2,0,0,0,25,0,4,35,2,0,0,0
320,44,1,0,1,6,0,1,0,0,20,1,3,15,3,2,1,0
321,44,1,1,0,4,0,0,0,1,3,0,1,40,2,8,0,0
322,51,0,1,0,3,2,0,1,1,2,1,2,3,4,4,0,0
323,38,1,2,2,1,1,0,0,1,18,0,2,29,3,8,0,1
324,47,0,1,2,2,2,0,1,1,10,1,0,30,3,8,1,1
325,50,1,0,2,6,0,1,0,1,5,1,4,39,3,5,0,0
326,45,1,0,2,3,1,1,1,1,9,0,4,18,1,0,0,0
327,64,1,1,2,5,0,1,0,0,2,1,1,11,3,9,0,1
328,50,1,1,0,0,1,1,0,0,34,0,3,43,2,6,1,1
329,22,0,2,0,0,0,1,1,1,31,1,4,38,4,5,0,1
330,36,0,1,1,2,1,0,0,1,10,1,1,40,3,8,1,0
331,21,0,2,0,1,1,1,1,1,12,1,1,1,3,6,0,1
332,52,1,2,0,3,0,1,0,1,21,0,4,29,4,3,1,0
333,34,0,0,2,6,1,1,0,1,6,0,1,10,3,6,1,1
334,61,0,0,0,1,2,0,1,0,3,0,0,28,1,1,0,1
335,45,0,0,2,0,0,0,1,0,10,0,0,31,2,5,1,0
336,47,1,0,1,1,2,1,1,1,5,0,4,19,4,5,1,1
337,46,1,1,1,0,0,0,0,0,26,1,3,3,4,1,0,0
338,63,1,0,0,1,1,0,1,1,21,1,0,36,1,3,1,1
339,23,0,1,1,2,1,1,0,1,26,0,0,43,2,7,1,0
340,52,0,0,0,4,1,0,1,1,26,1,4,15,1,7,1,1
341,58,0,1,1,2,0,0,1,0,8,1,2,33,2,7,1,0
342,54,1,2,2,2,2,0,1,0,5,1,1,41,1,7,0,1
343,41,1,1,2,4,2,1,1,1,15,1,0,43,3,0,1,0
344,46,0,1,2,4,0,1,1,0,16,0,2,45,1,1,1,0
345,63,1,0,2,3,0,1,1,0,1,1,3,26,4,3,0,0
346,48,1,1,0,6,2,0,0,1,16,0,2,16,4,8,0,1
347,52,1,2,1,6,2,1,1,0,3,0,4,36,4,2,1,0
348,50,1,2,0,3,2,0,0,0,31,1,3,33,1,5,0,0
349,38,0,0,2,2,2,0,1,1,13,0,3,20,4,6,0,0
350,49,1,2,0,2,0,0,1,1,16,1,2,13,4,7,0,1
351,40,1,1,1,0,0,1,1,0,21,1,4,33,3,6,0,0
352,50,1,2,0,0,1,1,0,1,2,1,0,5,3,2,0,0
353,20,1,0,1,6,2,1,0,0,27,0,2,37,2,5,0,0
354,35,0,1,0,3,1,1,1,1,26,0,0,14,2,4,0,0
355,42,0,0,1,5,0,0,0,1,25,0,2,27,2,9,0,0
356,59,1,1,1,5,0,1,1,1,11,1,0,23,1,3,0,0
357,48,1,2,2,3,1,0,1,1,8,1,2,14,2,0,1,1
358,20,1,0,1,0,2,1,0,0,8,1,3,40,1,6,1,1
359,57,1,0,2,6,2,1,0,1,33,0,1,4,1,7,1,0
360,63,1,1,2,6,2,1,0,1,7,1,3,39,2,1,1,0
361,41,1,0,2,0,2,0,0,1,21,1,0,19,2,6,1,0
362,49,0,1,0,5,1,0,1,0,8,0,4,47,1,5,0,0
363,64,1,1,0,1,1,0,0,0,21,0,3,4,3,4,0,1
364,39,0,1,0,1,0,0,0,1,20,0,1,30,4,3,1,0
365,40,0,1,0,0,2,0,1,1,8,1,0,19,4,1,1,0
366,19,1,2,1,1,2,1,0,1,31,1,3,31,4,9,0,0
367,44,0,1,1,4,2,0,0,1,29,1,2,31,3,5,1,1
368,59,0,0,0,3,1,0,0,1,9,0,4,9,1,4,0,0
369,19,0,2,1,3,2,0,0,1,15,0,0,13,2,1,1,0
370,43,0,0,1,0,1,0,1,0,30,0,3,14,1,9,0,0
371,34,0,2,2,2,2,1,1,1,26,0,0,46,1,6,1,1
372,57,0,1,2,5,2,0,0,1,10,1,2,10,2,5,0,1
373,50,1,2,2,0,0,1,0,1,29,1,1,31,3,8,1,0
374,26,0,2,2,1,2,1,1,1,16,1,3,37,4,9,1,0
375,60,0,0,1,5,2,1,0,1,20,1,0,23,4,4,0,1
376,56,0,0,0,2,0,0,0,1,22,1,0,27,1,8,0,0
377,46,1,1,1,1,1,1,0,0,7,1,0,6,3,8,1,0
378,59,0,2,1,6,1,0,0,0,23,1,1,26,4,0,1,0
379,43,1,2,1,4,2,0,0,0,29,1,0,2,3,4,0,0
380,52,0,2,2,1,1,0,0,0,16,0,4,45,2,8,0,0
381,42,1,1,2,4,2,0,0,0,28,0,4,13,1,6,0,1
382,41,1,1,2,5,0,0,0,0,31,1,0,19,1,5,1,0
383,30,0,1,0,4,0,1,0,1,14,0,4,1,3,5,1,0
384,24,0,1,1,5,2,1,1,1,33,1,3,40,4,6,0,1
385,53,1,1,0,5,0,0,1,1,9,1,4,32,3,0,1,0
386,62,0,0,2,5,0,1,1,1,27,0,0,22,2,3,1,0
387,37,1,2,0,5,2,0,0,1,24,1,2,29,4,0,0,0
388,18,1,2,1,5,2,1,0,1,13,1,3,2,4,5,1,1
389,25,1,2,1,1,0,1,1,0,26,1,1,40,3,3,0,1
390,63,1,2,2,5,1,1,0,1,29,1,0,38,2,0,0,1
391,33,1,2,2,1,1,1,1,0,28,1,1,11,4,8,1,1
392,31,0,2,0,5,2,1,0,0,28,1,2,17,1,3,1,0
393,29,1,2,2,4,2,0,1,1,8,1,1,43,2,5,0,0
394,40,1,2,2,6,1,0,1,1,23,0,0,8,4,6,0,1
395,32,0,0,1,5,0,1,1,1,29,0,0,22,3,7,0,0
396,45,1,2,2,2,1,0,0,1,5,1,2,4,4,8,1,0
397,51,0,0,2,5,1,1,1,1,7,0,0,11,1,8,0,0
398,19,0,1,1,5,1,0,0,1,27,1,2,8,2,7,0,0
399,49,0,2,1,4,1,1,0,1,2,1,2,9,4,9,0,1
400,40,1,1,0,3,2,1,0,0,25,1,0,26,1,2,0,0
401,39,1,1,2,4,2,1,0,1,9,1,4,2,4,1,1,0
402,42,1,1,1,2,0,0,0,1,27,0,2,16,4,4,1,1
403,39,0,0,0,3,0,0,0,0,1,0,0,31,2,0,0,0
404,39,1,1,0,0,0,1,0,1,23,0,4,6,3,2,1,0
405,59,0,1,2,0,0,1,1,1,10,0,2,21,3,0,1,0
406,23,1,1,2,2,1,0,1,0,25,1,4,26,1,2,1,1
407,32,0,2,0,4,2,0,1,1,3,0,3,19,1,3,0,1
408,60,1,2,1,1,2,0,0,1,6,1,3,28,1,6,1,1
409,54,1,0,0,2,0,0,0,1,6,1,4,8,2,4,1,1
410,50,1,0,2,6,0,0,0,1,2,0,2,14,3,4,0,0
411,25,0,2,1,3,1,1,0,1,18,1,0,24,1,0,0,1
412,61,0,0,1,3,1,0,1,1,23,0,1,44,1,7,1,1
413,61,1,2,0,5,0,1,0,0,2,0,0,37,4,3,1,0
414,22,1,1,2,0,2,1,1,1,12,0,1,26,4,9,0,0
415,56,0,1,0,3,2,0,0,1,22,0,1,31,1,4,0,1
416,21,0,0,0,2,2,0,1,0,20,0,2,32,4,1,0,1
417,23,0,2,0,3,0,1,0,0,24,1,4,41,4,0,0,1
418,62,1,2,1,2,2,0,1,1,20,0,0,2,4,8,1,1
419,49,0,0,1,1,1,1,0,0,1,0,4,25,2,1,0,0
420,47,1,2,2,5,1,0,1,1,1,1,3,44,1,5,1,0
421,64,0,1,2,0,0,0,0,1,17,0,2,2,1,0,1,0
422,52,1,0,0,3,1,0,1,0,1,0,2,42,4,0,1,0
423,57,0,0,0,2,0,1,1,1,30,1,3,1,2,8,0,1
424,33,0,2,0,4,2,0,0,1,3,1,0,36,4,3,0,0
425,30,0,0,2,0,2,1,1,0,11,0,3,12,2,8,1,0
426,59,0,2,1,1,2,0,0,0,24,1,0,9,1,4,1,0
427,47,0,2,1,2,1,1,0,0,22,0,1,36,4,6,1,0
428,36,1,2,0,6,0,0,0,0,26,1,2,41,1,0,1,0
429,34,0,2,0,6,2,1,1,1,13,0,0,28,2,5,1,0
430,36,0,2,0,5,0,1,1,0,1,0,4,38,3,7,0,0
431,45,0,0,0,5,2,1,0,0,24,0,4,33,2,0,0,0
432,43,1,1,2,1,1,1,0,0,10,1,2,42,3,8,0,1
433,54,0,1,1,1,1,1,1,0,35,0,3,46,1,2,1,0
434,43,1,0,0,5,0,1,1,0,24,1,3,22,1,0,1,0
435,40,0,0,2,3,1,0,1,1,28,0,0,25,4,0,0,0
436,26,0,1,0,3,1,1,0,0,16,0,3,18,3,5,0,0
437,29,1,1,0,2,0,1,0,1,16,0,2,6,2,5,1,0
438,18,0,1,1,4,2,1,0,0,17,0,0,18,1,0,0,1
439,18,1,1,0,2,1,0,0,0,15,0,1,16,3,2,0,1
440,64,1,1,1,4,0,0,0,0,16,1,3,15,2,6,0,0
441,51,0,2,1,1,1,0,1,0,15,1,3,8,3,9,1,0
442,49,1,0,1,0,1,1,0,0,34,1,0,13,2,2,1,1
443,42,0,2,2,2,1,0,1,0,11,0,4,43,2,2,0,1
444,57,0,1,2,2,1,0,1,0,1,0,3,7,2,2,1,0
445,62,1,1,1,4,0,1,0,0,15,1,2,17,2,6,0,0
446,18,1,1,0,1,0,1,1,1,26,0,3,32,3,3,0,0
447,33,1,2,1,1,0,0,0,0,4,0,1,22,3,3,1,0
448,56,1,2,0,6,1,1,1,1,5,0,3,13,4,2,1,0
449,22,0,1,1,4,1,1,0,0,35,1,4,47,3,9,1,0
450,39,0,2,0,1,1,1,0,1,13,1,3,23,3,8,0,0
451,46,1,2,2,5,0,1,1,0,10,1,0,29,4,1,0,0
452,20,0,1,0,3,1,0,0,0,11,1,3,22,3,3,0,1
453,29,0,2,1,6,2,1,1,0,18,1,4,1,2,7,1,1
454,43,0,0,2,5,1,0,0,1,34,0,0,29,1,5,0,0
455,33,0,0,0,0,2,0,0,1,23,0,2,5,1,6,0,1
456,54,1,0,0,2,1,0,0,1,7,0,0,35,4,6,0,0
457,39,1,0,0,6,0,0,1,1,3,0,1,10,3,1,0,1
458,46,0,1,0,0,1,1,1,0,12,1,0,19,3,3,1,0
459,31,1,1,0,2,2,1,0,0,7,1,2,37,4,9,1,0
460,45,1,1,2,3,2,1,1,0,26,0,3,7,1,9,1,0
461,22,1,0,2,1,1,0,0,1,33,1,0,46,2,5,0,0
462,64,0,0,2,5,2,0,1,0,15,0,0,35,3,2,0,1
463,47,0,2,2,4,2,0,1,1,2,0,0,45,4,8,0,0
464,63,0,2,1,5,0,1,0,1,7,0,0,13,2,3,1,0
465,22,1,0,2,3,1,0,0,1,32,0,2,10,4,9,1,0
466,29,0,0,0,0,1,1,0,1,4,1,4,2,4,1,1,0
467,33,0,0,0,4,1,1,0,1,20,0,4,6,4,5,1,0
468,43,1,0,2,1,2,1,0,0,32,1,0,8,1,0,1,0
469,43,0,2,0,3,1,1,1,1,28,0,2,36,1,5,0,1
470,38,0,0,2,4,1,0,1,1,13,0,2,25,4,9,1,1
471,56,1,2,0,3,0,1,0,0,1,0,0,44,3,0,1,1
472,53,1,0,1,3,0,0,0,1,35,0,1,47,2,7,1,0
473,50,1,0,1,1,0,1,0,1,30,1,0,40,3,4,0,1
474,47,0,0,2,6,2,0,1,0,25,0,1,7,1,5,1,0
475,54,0,2,2,2,1,0,0,0,16,1,0,46,2,1,1,0
476,40,0,2,2,4,0,1,0,0,19,0,1,23,4,1,1,0
477,27,1,1,0,1,0,1,1,1,1,0,1,19,3,8,0,1
478,22,1,0,2,3,0,1,1,0,5,0,0,46,3,2,0,1
479,53,0,1,1,1,1,0,1,0,22,1,1,22,4,5,1,1
480,51,0,1,0,6,1,1,1,0,24,0,3,13,3,9,1,1
481,48,1,2,2,2,1,1,0,1,4,0,4,21,1,4,1,1
482,27,1,2,0,5,2,0,1,0,18,0,2,1,4,3,1,1
483,36,1,1,0,4,2,1,1,1,16,0,1,19,3,9,0,0
484,49,1,0,2,2,0,0,0,1,18,0,1,33,4,1,1,0
485,18,0,2,0,0,1,1,0,0,22,1,2,4,2,7,0,0
486,22,1,0,1,4,0,0,0,1,2,1,1,42,4,9,1,0
487,62,0,0,1,2,1,0,1,1,21,0,2,3,3,6,0,0
488,21,0,1,0,3,1,1,0,0,29,0,0,27,1,1,0,0
489,33,0,1,2,4,1,0,1,1,26,1,3,41,4,5,1,0
490,41,1,1,0,4,2,1,1,0,21,0,3,35,4,7,0,1
491,33,1,1,1,1,2,1,1,1,17,1,4,28,3,6,1,1
492,19,1,2,0,3,1,0,0,1,16,0,1,6,1,0,0,0
493,45,1,2,0,0,0,1,1,0,31,0,4,6,1,4,0,0
494,49,0,1,1,5,1,0,0,0,9,1,0,44,2,1,1,0
495,44,1,2,0,6,1,0,0,1,31,0,3,23,2,5,1,0
496,37,1,1,0,2,0,0,0,1,14,1,0,33,3,6,0,1
497,41,0,0,2,1,1,0,1,0,2,1,0,16,1,6,0,0
498,29,1,0,2,2,0,0,1,1,14,1,1,24,1,2,1,0
499,52,0,0,1,0,2,0,1,1,33,0,0,5,2,6,1,1
500,50,0,1,1,0,2,0,0,1,35,1,3,41,2,4,1,1
501,50,0,0,1,4,0,0,1,1,20,1,4,42,3,7,0,0
502,60,0,2,2,6,2,1,1,0,2,0,3,13,1,7,1,1
503,54,0,0,1,0,2,1,1,0,19,0,1,47,4,6,1,0
504,29,0,0,1,2,0,0,1,0,18,0,3,12,2,5,0,0
505,20,0,0,1,3,2,1,1,0,16,0,2,5,3,1,1,0
506,18,0,2,2,3,1,1,0,0,4,0,4,37,1,5,1,0
507,50,1,1,0,4,1,1,0,0,12,0,2,31,1,8,1,0
508,57,1,2,1,5,0,1,0,1,29,1,2,28,2,1,1,0
509,27,1,1,0,2,2,1,0,0,7,0,1,28,3,0,0,0
510,60,1,1,1,2,1,1,1,1,14,1,0,30,4,4,1,1
511,61,0,0,0,0,1,0,0,1,12,0,2,18,2,5,1,0
512,46,1,1,2,6,2,1,1,1,35,1,3,44,3,2,1,0
513,30,0,2,2,2,2,1,0,0,5,1,0,27,1,7,1,1
514,29,1,2,1,1,1,1,0,1,17,0,3,35,4,6,1,0
515,48,1,1,0,5,1,1,0,0,32,0,3,26,3,1,1,1
516,63,1,0,2,0,0,0,1,1,10,1,0,39,4,6,0,0
517,19,0,0,1,1,0,0,1,1,17,0,0,18,3,0,0,0
518,52,1,2,1,4,1,0,0,0,5,0,3,33,3,8,0,0
519,40,0,0,2,3,0,0,1,1,9,1,1,25,3,6,1,0
520,34,0,1,2,4,1,1,0,1,33,1,4,31,3,5,1,0
521,43,1,1,1,3,1,0,0,1,18,1,4,37,4,1,1,0
522,25,1,2,0,4,0,0,0,1,9,0,1,2,2,2,0,0
523,46,1,1,0,2,0,0,1,0,29,0,0,33,4,0,1,0
524,43,0,2,0,1,2,0,0,1,14,0,3,39,3,9,0,0
525,27,1,1,1,3,2,1,0,1,25,0,4,43,4,4,1,0
526,43,0,2,2,0,2,0,0,0,15,1,3,43,4,8,1,0
527,51,0,0,1,1,1,1,1,1,6,0,1,32,4,5,0,0
528,58,1,1,2,0,0,0,0,1,29,1,3,18,3,4,0,0
529,24,1,1,0,1,1,1,1,1,15,0,1,17,4,2,0,0
530,21,0,2,0,1,0,1,0,1,29,0,0,34,1,4,0,1
531,62,0,2,2,4,1,0,1,0,4,1,1,39,3,7,0,0
532,28,0,1,2,3,2,0,0,1,18,0,1,7,4,1,0,1
533,46,1,2,1,3,2,0,0,0,16,0,4,42,1,4,1,0
534,53,0,1,0,6,2,0,1,1,11,1,3,35,4,5,0,0
535,42,1,0,1,1,1,1,1,1,14,0,4,30,2,9,1,0
536,38,0,2,1,2,0,1,0,1,3,1,2,12,4,7,1,1
537,53,0,1,1,2,0,0,1,0,18,1,1,35,4,7,1,0
538,27,1,0,0,0,2,0,0,1,20,1,2,11,2,4,1,0
539,54,0,0,1,0,2,1,0,1,25,1,4,44,3,8,1,0
540,26,1,1,1,4,2,0,0,0,13,0,3,4,2,3,0,0
541,41,1,2,1,1,2,1,1,0,4,0,4,25,3,8,0,0
542,52,0,1,1,0,0,0,0,0,14,0,3,32,2,6,0,0
543,52,1,0,1,0,1,1,1,0,33,1,3,20,4,5,1,0
544,53,1,1,1,5,1,1,0,1,28,0,0,31,4,3,0,0
545,35,0,2,0,1,1,1,1,1,8,0,1,4,3,1,1,0
546,56,1,0,1,4,1,1,1,1,34,0,4,38,3,7,1,1
547,49,1,1,2,0,2,1,0,1,5,0,3,47,1,5,1,1
548,41,1,2,1,4,2,0,1,0,5,1,4,1,1,2,1,0
549,40,0,0,1,3,2,1,0,1,31,1,4,3,4,6,0,0
550,49,1,2,0,4,1,0,0,1,9,0,3,37,4,9,0,1
551,54,0,0,0,2,2,1,0,1,32,1,2,22,1,6,0,0
552,29,0,1,2,2,2,1,0,1,33,0,1,17,1,5,0,0
553,30,1,2,2,4,0,0,0,0,3,0,1,14,3,1,0,1
554,40,1,0,0,2,0,0,1,1,30,0,0,41,2,7,1,0
555,42,1,2,0,3,2,0,0,1,12,1,0,35,3,0,0,0
556,52,0,2,1,1,0,0,1,1,29,0,0,13,1,0,1,1
557,58,1,1,0,2,0,1,1,0,3,1,1,35,4,5,1,0
558,47,1,2,2,2,2,0,0,0,26,1,2,43,1,4,1,1
559,34,1,0,1,4,2,1,1,1,30,0,1,2,4,8,0,1
560,37,1,0,2,3,2,0,0,1,9,1,1,47,4,6,1,1
561,42,1,0,1,6,2,0,1,1,26,1,1,13,4,1,1,0
562,39,0,0,0,6,1,1,1,0,2,0,1,16,4,6,0,0
563,30,0,1,2,6,1,1,1,1,3,1,2,18,2,2,1,0
564,36,1,2,1,6,2,0,0,1,4,1,0,7,1,0,1,0
565,53,1,1,1,1,0,1,1,1,25,0,4,45,3,7,1,0
566,29,1,2,0,4,2,1,0,0,13,0,0,36,4,2,0,0
567,58,1,2,0,4,2,1,1,1,35,1,0,41,4,7,1,0
568,36,0,2,0,5,0,1,1,1,23,0,4,30,3,6,1,0
569,29,1,1,2,3,1,1,1,0,9,0,1,42,3,1,0,0
570,26,0,2,1,6,2,1,1,0,2,1,2,41,4,0,0,1
571,24,0,1,0,1,2,1,0,1,31,1,2,7,3,6,1,1
572,45,1,0,2,3,1,1,0,0,2,0,0,15,3,0,0,1
573,31,0,0,2,6,1,0,1,1,32,1,4,40,2,5,0,0
574,48,0,2,2,1,0,1,1,0,18,0,3,19,3,9,0,1
575,36,0,1,0,3,1,0,0,0,13,0,1,43,1,9,0,1
576,64,0,0,0,4,1,1,0,1,5,1,0,37,1,7,0,0
577,33,1,1,1,4,1,1,0,1,10,1,2,2,1,6,0,0
578,22,1,1,1,0,0,1,0,1,25,0,4,42,4,3,0,0
579,52,0,2,0,2,1,1,1,0,34,0,4,13,1,0,1,0
580,29,1,0,2,6,1,0,1,1,30,0,0,40,2,0,0,0
581,42,1,2,2,5,0,0,0,1,7,0,3,41,1,3,0,0
582,38,1,2,2,3,1,1,0,1,6,1,2,43,4,4,0,1
583,53,1,0,1,5,1,0,0,1,3,0,0,43,2,6,1,0
584,40,1,0,2,0,0,1,0,1,13,1,3,31,1,3,0,0
585,33,0,1,1,2,2,1,0,0,3,1,4,16,2,9,0,1
586,56,1,0,1,3,0,0,0,1,26,0,1,42,2,0,1,0
587,62,1,1,2,1,1,0,1,1,24,1,2,44,4,9,0,1
588,59,1,1,2,6,1,1,1,0,6,1,2,6,4,6,1,0
589,56,1,1,0,2,1,1,1,1,12,0,3,28,2,1,1,1
590,31,0,0,0,4,0,0,0,1,2,1,0,32,1,1,0,0
591,48,0,2,2,0,1,1,0,1,11,1,4,44,4,7,1,0
592,22,0,1,1,2,1,0,0,1,34,0,3,10,2,9,0,0
593,52,0,2,1,6,0,1,1,1,26,0,1,18,3,9,0,1
594,40,1,2,1,2,2,1,0,0,18,0,1,4,3,9,1,1
595,46,0,0,1,6,2,0,0,0,21,0,1,9,4,4,1,0
596,60,1,2,1,4,1,0,1,0,22,0,3,7,1,9,0,1
597,28,1,2,0,3,0,0,0,1,30,0,4,8,3,1,0,0
598,35,1,0,2,1,1,1,1,0,30,0,2,43,3,4,1,0
599,64,1,1,0,4,0,1,1,1,8,1,0,7,3,7,0,1
600,29,1,2,1,1,0,1,0,1,34,1,2,41,1,5,0,0
601,26,0,0,1,3,2,1,1,1,9,0,4,40,1,2,0,0
602,27,0,2,1,2,2,0,0,0,20,1,2,3,4,7,1,1
603,61,0,2,1,1,0,1,1,0,25,1,3,17,4,8,0,1
604,34,0,1,2,0,1,1,0,0,19,0,1,2,3,4,0,1
605,55,1,2,1,0,2,1,1,1,5,1,4,15,1,1,0,1
606,24,0,0,2,6,1,0,0,0,11,0,4,46,2,1,1,0
607,63,1,2,1,4,2,1,1,1,15,1,2,29,3,6,1,1
608,30,0,1,2,3,2,1,1,0,8,0,3,22,4,0,1,0
609,57,1,1,0,6,1,0,1,0,19,1,2,4,1,9,0,1
610,59,1,0,1,4,2,1,0,1,23,1,2,6,4,1,1,0
611,26,0,1,2,4,2,1,0,1,27,1,4,38,4,9,0,0
612,44,1,2,0,6,1,0,1,0,32,0,2,26,1,3,1,0
613,19,1,1,1,5,2,1,0,0,26,1,1,11,3,0,0,0
614,22,0,0,1,4,2,1,1,0,27,1,2,26,1,3,1,0
615,46,1,1,1,5,2,1,0,1,19,0,1,17,3,9,0,1
616,54,0,1,2,0,1,0,1,1,29,0,4,24,4,4,0,1
617,55,0,1,2,0,0,1,0,0,33,1,3,28,1,8,1,0
618,36,0,0,0,4,1,1,1,0,19,1,1,35,2,0,0,1
619,25,1,1,2,0,0,0,1,1,19,1,3,31,3,4,1,0
620,62,1,1,2,3,2,0,1,0,33,1,3,13,2,1,1,0
621,18,1,2,1,5,0,1,1,1,16,0,1,35,3,8,0,0
622,39,0,0,1,5,1,1,0,1,23,1,4,16,1,5,0,1
623,34,1,1,1,4,1,1,1,1,7,1,0,15,2,1,1,1
624,24,0,0,1,0,2,1,0,1,26,0,3,43,1,2,1,0
625,42,0,1,1,1,0,0,0,1,32,1,3,18,3,7,1,0
626,62,1,1,1,6,2,1,1,1,12,1,4,47,3,0,0,0
627,21,0,1,1,6,2,0,0,0,8,1,4,37,3,2,1,0
628,53,1,2,0,5,1,0,0,1,5,0,2,41,3,9,0,0
629,23,1,2,0,4,0,1,0,1,28,0,4,27,4,0,0,0
630,48,1,2,0,4,0,1,1,0,5,1,3,35,3,7,1,0
631,36,1,0,0,3,0,0,0,1,26,1,1,45,2,0,1,1
632,61,1,0,1,2,0,0,0,0,5,0,0,35,3,4,0,0
633,56,0,2,0,2,2,1,1,1,22,1,2,28,1,3,0,0
634,44,0,0,1,5,2,0,1,0,15,1,1,39,4,6,0,0
635,27,0,1,0,6,1,1,0,0,13,0,0,38,2,4,0,1
636,43,1,1,2,3,2,1,1,1,28,0,0,9,4,7,1,1
637,36,1,1,0,3,2,0,0,1,33,0,0,12,4,0,0,1
638,56,1,2,0,3,1,0,0,1,23,1,1,15,4,4,1,0
639,20,0,0,1,5,1,1,0,1,33,1,2,21,1,3,1,1
640,62,1,2,0,2,1,0,1,0,18,1,2,35,4,2,1,0
641,30,0,0,2,6,2,1,0,0,30,1,0,42,4,4,0,0
642,45,0,1,1,3,2,1,1,0,26,0,1,33,3,9,0,0
643,37,1,2,1,6,1,1,1,1,16,1,0,19,1,2,1,0
644,45,1,0,0,0,1,0,0,0,13,1,4,23,2,7,1,1
645,25,0,0,1,4,1,1,1,1,33,0,2,13,2,2,1,1
646,58,1,1,1,4,2,1,1,1,26,0,3,44,2,0,1,0
647,56,0,2,1,6,2,1,1,0,1,1,0,1,1,8,0,0
648,18,1,2,1,1,0,1,1,1,2,0,4,29,2,8,1,0
649,20,1,2,1,1,2,1,1,0,6,0,2,24,1,5,0,0
650,30,0,1,1,5,2,1,0,1,24,1,1,16,3,9,0,0
651,45,1,2,2,5,2,1,1,0,18,1,2,25,3,0,0,1
652,42,0,1,0,4,1,1,0,1,27,1,1,23,1,7,0,1
653,50,1,1,2,0,2,1,0,0,8,1,1,28,2,1,1,0
654,55,0,1,1,2,1,1,0,0,28,0,0,47,1,8,0,1
655,23,0,0,1,2,0,1,0,1,10,0,0,16,1,7,1,0
656,61,1,2,0,5,0,0,0,1,17,1,2,43,4,2,0,0
657,62,0,2,2,0,1,1,0,0,29,1,4,38,1,4,1,0
658,49,1,1,0,5,1,1,1,1,6,0,2,11,4,8,1,0
659,62,1,1,2,2,1,1,1,1,14,1,3,3,3,0,1,1
660,64,1,2,1,6,2,0,1,1,22,1,1,15,4,8,1,0
661,38,0,1,0,5,0,1,0,0,6,1,1,1,1,3,1,0
662,33,0,2,0,3,1,0,1,0,26,1,0,7,3,3,0,0
663,38,1,0,1,6,2,1,1,1,12,0,4,1,4,3,1,1
664,28,1,1,0,5,0,1,1,1,35,1,0,32,1,9,0,0
665,54,0,2,2,4,2,0,0,0,14,0,3,9,3,8,1,1
666,53,1,1,2,5,0,1,1,1,22,1,2,29,4,5,0,1
667,52,1,2,2,4,2,0,0,0,23,1,2,26,1,7,0,0
668,36,0,2,2,0,0,0,1,1,7,0,4,23,1,3,0,0
669,37,1,1,1,2,0,1,0,1,25,1,0,45,2,2,1,1
670,35,0,0,0,6,2,1,0,1,13,0,0,43,2,0,0,0
671,64,1,2,2,6,1,1,0,0,21,1,3,29,4,9,1,1
672,58,0,2,1,1,0,1,1,0,10,1,2,38,4,6,1,0
673,31,1,2,0,1,1,0,1,0,9,1,0,33,4,3,0,0
674,32,1,0,0,2,2,0,0,0,15,1,4,7,1,7,0,1
675,48,0,0,1,1,1,1,1,1,2,1,2,12,4,2,1,1
676,18,1,1,1,6,1,0,0,1,25,0,3,31,1,0,1,1
677,20,0,0,2,5,1,0,0,0,13,0,4,32,4,4,1,0
678,33,1,1,0,0,1,1,1,1,34,1,1,20,1,1,1,1
679,40,0,1,0,0,1,0,1,1,34,1,3,17,1,2,1,1
680,28,0,0,1,2,0,0,1,0,35,0,4,36,2,5,1,1
681,29,0,1,0,1,0,1,0,1,3,0,0,3,3,2,0,0
682,27,0,0,2,5,0,0,0,1,6,1,1,1,1,2,1,0
683,49,1,1,0,0,2,1,1,0,19,1,3,27,4,5,1,1
684,33,1,0,1,0,1,0,0,1,3,0,0,47,2,4,0,0
685,25,0,0,1,3,0,1,1,1,18,1,1,40,4,9,0,0
686,55,0,1,2,3,2,0,0,1,9,0,2,33,4,8,0,0
687,29,0,2,2,6,0,0,1,0,12,1,0,20,1,0,1,0
688,41,1,1,0,0,0,1,1,0,5,0,4,14,1,2,0,0
689,45,1,0,0,2,1,1,0,1,3,0,3,36,3,2,0,0
690,25,1,2,1,4,2,1,1,1,11,1,1,5,1,5,1,1
691,45,1,1,2,4,1,1,1,1,30,0,0,23,1,7,1,0
692,53,0,1,2,5,1,0,0,0,4,1,2,45,3,2,1,0
693,43,0,1,2,0,0,0,1,0,5,1,3,15,4,2,1,0
694,25,0,2,0,0,1,0,0,0,1,1,3,6,3,5,0,0
695,45,1,0,2,6,2,1,1,1,27,1,0,33,3,7,1,0
696,45,1,1,1,0,1,0,0,1,28,0,2,19,3,5,0,1
697,54,1,1,1,2,1,0,1,1,29,1,1,13,2,9,1,0
698,58,0,1,0,3,1,1,1,1,18,1,0,29,4,2,0,1
699,53,0,1,0,0,0,1,1,1,12,1,1,6,2,3,1,0
700,44,1,1,2,0,2,0,1,0,13,1,3,15,2,0,1,0
701,34,0,0,0,6,0,1,0,1,2,0,1,16,1,7,1,0
702,26,1,0,1,1,0,0,0,1,16,1,2,24,3,3,0,0
703,50,1,1,2,6,0,0,0,1,24,0,4,23,3,5,0,1
704,37,0,2,1,6,0,1,0,0,35,0,2,10,2,2,0,1
705,30,1,0,2,2,0,0,0,1,22,0,1,41,1,5,1,0
706,45,0,2,0,5,2,1,0,0,11,1,0,41,1,8,0,0
707,46,1,0,2,0,1,1,0,0,29,1,3,17,1,8,1,0
708,30,0,1,2,6,0,0,1,0,35,1,4,44,4,9,1,0
709,63,0,0,1,6,0,0,1,0,15,1,0,45,2,2,1,1
710,52,0,1,1,1,2,0,1,0,31,0,0,30,4,2,0,0
711,23,1,0,2,6,2,1,1,1,16,0,2,44,1,3,1,1
712,35,1,1,0,4,1,0,0,1,10,1,1,46,1,6,0,0
713,22,0,1,0,5,2,1,0,0,32,1,2,10,1,2,1,0
714,64,0,1,1,0,1,1,0,0,2,1,1,19,3,9,1,0
715,42,1,1,0,0,0,0,1,0,24,1,2,29,2,7,1,0
716,19,1,2,1,1,0,1,0,1,23,1,0,2,3,7,0,1
717,27,1,1,0,2,1,0,1,1,2,1,3,36,4,5,0,0
718,47,0,2,2,0,2,0,0,0,31,1,1,19,3,3,1,1
719,62,1,2,1,4,1,0,0,1,26,0,4,7,2,4,0,0
720,22,1,1,1,0,2,0,0,1,29,0,4,26,3,1,0,1
721,50,0,2,2,4,0,0,0,0,3,0,0,15,1,5,1,0
722,18,1,0,1,5,2,0,1,0,14,0,2,47,4,2,1,1
723,35,1,1,0,5,1,0,1,1,25,1,2,38,4,5,0,1
724,49,1,2,0,3,1,1,0,1,1,1,0,3,1,4,1,1
725,64,0,1,1,3,0,0,1,1,3,1,4,38,1,1,1,0
726,28,0,1,0,4,2,1,0,0,26,1,4,16,1,4,0,1
727,38,0,1,1,2,2,1,0,0,18,1,2,2,2,4,0,0
728,43,0,2,2,0,2,1,0,0,9,0,1,31,3,8,1,0
729,42,0,0,1,6,0,0,0,1,23,1,3,28,4,7,0,0
730,39,0,0,2,0,2,1,1,1,21,0,1,7,3,6,0,0
731,44,0,2,0,3,1,1,0,0,1,1,4,30,1,2,1,1
732,30,1,1,2,6,2,0,0,1,21,0,1,43,1,9,1,0
733,50,1,2,0,4,0,0,1,0,27,1,3,7,3,3,1,0
734,51,0,2,1,6,2,1,0,1,6,0,1,36,4,5,1,0
735,58,1,2,0,0,2,0,1,0,28,1,1,29,2,2,0,0
736,52,1,1,1,0,1,0,0,1,17,1,1,24,3,8,0,0
737,18,0,2,1,2,2,0,0,1,3,1,1,39,1,7,1,0
738,38,1,1,2,1,1,0,0,0,12,1,0,4,1,5,1,0
739,23,1,2,2,6,1,1,0,0,12,0,4,29,2,3,1,0
740,45,1,0,2,3,0,0,0,0,2,1,3,44,3,6,1,1
741,34,1,2,2,3,1,0,0,0,22,0,4,5,2,2,0,1
742,22,1,2,0,1,1,0,1,0,23,1,0,29,2,9,0,1
743,48,0,0,0,0,0,1,0,1,30,0,0,30,4,7,1,0
744,22,0,1,0,2,1,1,1,0,5,1,0,29,4,0,1,0
745,55,0,1,1,2,0,0,1,0,9,1,0,26,1,2,0,0
746,20,1,2,0,3,2,0,0,0,21,0,1,19,3,4,0,0
747,40,0,0,0,2,0,1,1,0,11,1,4,26,4,4,0,0
748,54,1,1,0,5,1,0,0,0,5,1,2,37,1,9,0,0
749,54,1,2,2,1,0,0,1,1,35,0,3,27,3,1,1,0
750,27,1,0,0,0,1,1,0,0,27,1,0,30,1,9,0,0
751,27,1,1,1,5,2,0,1,0,2,0,4,30,4,7,0,1
752,36,0,1,2,1,0,0,1,0,24,1,0,3,1,4,0,0
753,34,0,0,1,4,2,1,0,1,31,0,0,43,3,6,1,0
754,38,1,0,0,6,1,1,1,1,33,0,0,7,3,6,1,0
755,31,0,0,2,3,1,0,0,0,30,0,0,9,1,4,0,0
756,26,1,0,1,2,2,1,0,0,28,0,0,41,3,7,0,0
757,63,0,2,0,4,0,0,0,1,31,1,3,42,1,8,1,0
758,18,0,0,1,2,0,0,0,1,11,1,4,13,3,3,1,0
759,62,1,1,1,5,1,0,0,1,23,0,0,15,1,3,0,1
760,30,0,1,1,0,2,1,1,0,2,1,0,5,1,7,1,1
761,21,1,2,0,0,2,1,1,0,27,1,0,29,1,0,0,0
762,18,0,1,0,0,0,0,1,1,35,1,0,35,2,3,1,0
763,57,1,1,1,2,0,0,0,0,2,0,1,27,3,5,0,0
764,49,1,0,2,4,0,1,1,1,21,1,1,27,4,3,0,1
765,51,0,1,2,0,2,1,1,1,5,1,2,8,1,5,1,0
766,45,0,2,0,4,0,1,1,1,21,0,0,32,2,4,0,0
767,48,1,0,0,2,0,0,1,0,29,1,2,20,4,8,1,0
768,25,0,0,0,5,1,1,1,1,20,0,3,10,1,9,1,0
769,56,0,2,0,4,0,1,0,1,20,0,2,13,4,8,1,1
770,43,1,0,0,5,0,0,0,0,25,0,4,29,2,3,0,0
771,51,1,0,2,2,2,0,1,1,2,1,1,35,4,3,0,0
772,20,0,2,0,2,2,0,0,0,32,1,1,8,1,7,0,0
773,29,1,0,1,3,1,1,0,1,26,0,0,29,4,9,1,0
774,18,1,2,1,2,0,0,1,0,6,0,0,31,4,3,0,1
775,61,1,2,2,2,1,0,1,1,3,0,3,41,1,1,0,1
776,22,0,1,1,1,2,0,0,1,33,0,3,30,2,1,0,0
777,47,0,1,2,0,1,0,1,1,1,0,4,22,2,0,0,0
778,47,1,0,2,3,2,1,0,1,5,0,0,21,4,4,1,0
779,34,0,0,1,6,1,0,0,1,13,1,0,12,3,5,0,0
780,64,1,2,0,3,1,1,1,0,19,0,3,11,4,8,1,0
781,40,0,0,1,3,0,1,0,0,12,0,3,2,3,4,1,0
782,32,1,2,1,6,1,1,0,1,25,0,3,41,4,5,1,0
783,54,1,2,2,1,0,0,0,1,35,1,1,2,2,5,1,0
784,38,0,0,1,5,0,1,1,1,12,1,2,34,4,2,0,0
785,31,1,2,2,2,0,0,1,0,30,1,2,3,4,3,0,1
786,19,0,1,0,0,0,0,1,0,5,1,0,16,3,0,0,0
787,28,0,0,0,4,1,0,1,1,34,0,1,4,2,3,1,1
788,56,1,1,0,6,2,1,0,0,22,1,3,23,3,0,0,0
789,55,1,0,1,5,2,0,1,1,13,0,0,20,4,4,1,0
790,51,0,2,2,6,2,0,1,1,3,0,1,25,1,7,0,1
791,55,1,0,0,2,1,0,1,1,20,0,4,30,4,7,0,0
792,51,1,1,2,1,0,1,1,0,31,0,1,18,4,4,0,1
793,35,1,2,2,6,2,1,0,1,5,0,0,42,3,9,1,0
794,47,1,0,0,2,1,1,0,1,24,0,2,11,1,1,0,0
795,32,1,0,0,2,0,0,0,1,33,1,3,29,1,5,1,0
796,44,0,0,2,1,2,1,1,0,8,1,4,17,3,0,1,0
797,51,0,1,0,3,0,0,1,0,24,1,1,26,2,6,1,0
798,55,1,1,2,3,2,0,0,0,20,1,0,23,1,3,0,0
799,50,1,0,2,0,2,1,1,1,16,1,0,20,1,4,0,0
800,41,1,2,0,0,2,0,1,0,12,0,3,45,3,5,1,0
801,32,0,2,1,3,0,1,0,1,13,1,0,2,2,0,1,0
802,47,1,1,0,5,1,0,0,0,25,1,0,24,2,8,1,0
803,59,0,2,1,4,0,1,1,1,32,1,3,31,4,9,1,0
804,34,0,1,2,2,2,0,1,0,24,0,4,27,4,3,1,0
805,22,0,0,2,4,0,0,1,1,9,0,2,2,3,7,0,1
806,46,1,1,1,2,1,0,0,0,23,0,2,14,2,4,0,1
807,21,0,1,2,3,0,0,0,0,13,1,1,4,3,7,0,0
808,27,1,0,1,0,1,0,0,0,32,1,4,13,4,0,1,1
809,34,0,2,1,5,1,1,0,1,15,1,1,36,3,7,1,0
810,27,1,1,2,0,0,0,1,0,5,1,2,35,3,3,0,1
811,34,0,1,1,4,2,1,0,0,22,1,3,44,1,1,0,1
812,37,1,0,0,0,1,1,0,0,16,0,0,8,1,5,1,1
813,41,0,2,0,3,0,1,1,0,10,1,2,2,1,1,1,0
814,22,1,1,2,5,1,0,1,1,24,0,4,6,4,4,1,0
815,51,1,0,2,4,2,0,1,0,18,1,2,31,3,1,0,0
816,23,1,1,1,5,0,0,0,1,18,0,4,10,1,2,1,1
817,19,1,0,1,2,0,1,1,1,7,0,4,44,1,5,1,0
818,30,0,2,1,0,0,0,1,1,4,0,4,21,1,0,1,1
819,60,0,2,1,5,2,0,0,1,26,0,1,42,4,5,0,0
820,60,1,2,0,1,1,1,0,0,5,1,3,10,4,2,1,1
821,28,0,2,0,0,0,1,1,1,16,1,2,23,3,6,0,0
822,64,1,1,2,2,1,1,0,1,35,1,3,3,3,1,1,0
823,40,1,1,1,5,1,1,1,1,26,0,0,32,3,5,1,0
824,33,0,2,1,4,2,1,1,1,18,1,2,20,1,7,0,0
825,48,1,2,2,2,0,1,0,0,29,1,3,10,2,0,1,0
826,28,1,2,1,1,1,0,1,0,23,1,3,29,4,8,0,1
827,33,0,1,1,5,0,1,0,1,14,1,0,41,1,4,1,0
828,25,1,2,1,6,0,0,0,1,15,0,4,46,1,4,0,0
829,21,1,2,1,6,2,0,0,1,33,0,2,34,3,4,1,1
830,57,1,2,1,3,0,0,1,0,25,1,2,37,3,5,0,0
831,21,1,0,2,0,0,1,0,0,21,1,0,20,1,1,0,1
832,42,0,2,1,4,1,0,0,0,17,1,4,8,4,5,1,1
833,20,0,0,2,3,2,1,1,0,23,0,2,7,4,3,0,0
834,49,0,0,1,5,0,1,1,0,17,0,2,6,1,7,1,0
835,20,1,2,0,6,1,0,1,1,14,0,2,11,2,8,0,0
836,44,1,0,0,6,2,1,1,0,29,1,4,44,2,8,1,1
837,46,0,2,0,6,2,0,0,0,20,0,0,18,4,7,1,0
838,49,1,1,0,5,1,0,0,1,30,0,2,42,3,2,1,0
839,36,1,1,2,6,1,1,0,0,19,0,3,29,2,9,1,1
840,38,1,1,2,2,1,0,1,0,13,0,4,25,2,3,0,0
841,22,1,1,1,5,1,0,1,0,18,0,1,21,3,0,1,1
842,35,0,0,0,4,1,0,0,1,23,1,0,46,2,8,1,1
843,45,0,2,2,3,0,1,1,0,33,1,3,3,1,4,1,0
844,59,0,2,1,4,0,0,1,1,18,1,2,18,2,5,1,1
845,39,1,2,1,1,2,1,0,1,9,1,1,24,3,2,1,1
846,38,0,1,2,6,0,1,0,0,33,0,0,47,1,9,0,0
847,23,0,1,0,1,0,0,1,0,32,1,4,38,2,7,1,0
848,18,1,2,1,0,0,0,1,0,17,1,1,10,4,6,0,0
849,22,1,1,0,0,1,1,1,0,19,1,1,27,1,0,0,0
850,58,0,2,0,1,2,1,0,1,27,0,3,12,1,9,1,1
851,29,0,2,0,5,2,0,0,0,6,1,0,7,4,4,1,0
852,43,0,2,1,4,2,0,0,1,35,0,3,17,4,9,0,0
853,63,0,2,0,1,2,1,0,1,34,0,3,1,2,8,0,0
854,51,1,2,1,0,0,1,0,1,20,0,2,26,2,5,0,0
855,31,0,2,0,1,0,1,1,1,25,1,4,15,3,7,1,1
856,43,0,2,1,5,1,1,1,1,4,0,1,33,3,9,0,1
857,62,1,1,0,1,2,1,1,0,10,1,0,37,1,0,0,0
858,44,0,2,2,4,0,0,0,1,10,1,4,47,4,9,1,0
859,26,1,2,0,3,0,1,0,1,24,1,4,31,4,6,0,0
860,43,1,1,0,5,1,1,0,0,21,0,0,35,3,2,1,0
861,64,1,1,1,0,1,0,1,0,11,0,4,1,1,8,0,0
862,39,0,1,1,4,1,0,0,1,27,1,2,8,1,5,1,0
863,64,0,2,0,1,0,1,0,1,16,0,4,12,3,4,0,1
864,47,1,0,2,1,0,1,1,0,26,0,2,19,3,7,1,0
865,60,0,0,2,3,1,0,0,1,30,0,1,25,3,7,1,1
866,34,0,1,1,0,2,1,1,0,16,1,1,32,2,2,0,0
867,43,1,0,2,0,1,1,0,0,7,0,3,12,1,1,1,0
868,53,1,1,0,2,1,0,0,1,16,0,2,13,1,1,0,1
869,18,0,2,1,0,1,1,1,0,35,1,1,28,1,4,1,0
870,25,1,0,0,3,1,0,1,1,16,0,4,1,3,9,1,1
871,52,0,2,1,6,0,0,1,1,12,1,0,6,3,6,1,0
872,32,0,0,1,2,2,0,1,1,35,0,0,8,3,7,1,0
873,64,0,2,1,2,1,0,1,0,21,0,2,4,3,9,1,1
874,39,0,0,1,1,2,1,1,1,17,0,3,5,4,7,1,0
875,31,1,2,2,1,2,0,0,0,32,0,4,25,3,7,1,1
876,43,1,2,0,0,2,1,0,1,6,0,2,22,2,9,0,1
877,45,1,0,0,2,1,1,1,1,24,0,0,28,4,2,0,0
878,40,1,2,0,1,0,1,0,0,27,1,2,39,4,1,1,0
879,31,0,2,1,3,1,1,1,1,20,0,4,23,3,3,1,0
880,41,0,2,2,1,2,1,0,1,25,0,1,4,1,0,1,0
881,19,1,0,0,5,2,0,1,0,2,0,4,4,3,2,0,1
882,62,0,0,2,5,0,0,0,0,9,1,1,47,1,8,1,0
883,43,0,2,1,1,1,0,0,0,28,1,1,21,3,6,0,0
884,31,0,2,0,2,2,0,0,1,3,1,1,37,3,6,1,1
885,24,1,0,2,6,0,1,0,0,20,0,2,41,1,0,1,0
886,20,1,0,1,6,2,0,0,0,6,0,0,2,1,6,1,1
887,64,1,2,2,2,0,1,1,1,33,1,2,7,1,9,1,0
888,40,0,2,0,4,0,1,1,0,1,1,0,16,1,6,1,1
889,63,1,2,0,6,1,0,1,1,6,1,4,17,2,3,0,0
890,60,1,1,1,5,2,0,0,1,34,0,3,20,1,6,1,0
891,64,1,0,1,3,1,0,1,0,15,1,4,23,3,7,0,0
892,62,1,1,1,2,2,0,0,1,26,0,2,34,3,2,0,0
893,35,1,0,2,0,1,1,0,0,14,0,2,11,2,9,1,1
894,55,1,0,2,5,2,1,0,0,7,0,0,34,1,1,1,0
895,52,0,0,2,3,1,0,1,0,31,1,2,33,3,6,1,1
896,32,0,0,1,3,0,1,0,0,24,0,1,26,2,4,0,0
897,42,1,0,0,2,2,1,1,1,31,1,2,2,3,4,0,0
898,54,1,0,0,3,2,1,1,1,29,1,0,23,2,4,0,0
899,45,0,0,2,2,0,0,0,0,32,1,0,41,2,6,1,0
900,27,0,1,2,6,1,1,0,0,17,1,1,22,4,8,0,0
901,56,1,2,0,1,2,0,1,1,14,0,0,34,4,7,0,0
902,34,1,2,0,5,2,0,1,0,24,0,3,15,1,5,0,1
903,56,1,1,2,4,1,1,1,1,27,0,4,10,4,6,1,0
904,39,1,1,2,1,0,1,1,0,25,0,2,15,2,8,0,0
905,43,0,1,0,5,1,0,1,1,32,1,3,42,3,5,0,0
906,61,1,1,1,2,1,1,1,1,18,1,2,29,3,0,1,0
907,42,1,0,2,5,1,1,0,1,18,1,3,23,1,3,1,1
908,34,1,2,0,6,2,0,1,0,26,1,2,17,4,7,1,0
909,30,1,0,0,2,0,0,1,0,9,0,1,9,1,6,0,0
910,37,0,2,0,1,0,0,1,0,35,1,0,36,2,2,0,0
911,42,0,2,0,0,1,0,1,0,8,0,0,9,4,9,0,0
912,21,0,1,1,0,2,1,0,0,20,1,1,16,1,2,1,0
913,27,1,0,0,5,1,1,0,1,22,1,3,36,3,2,0,0
914,20,1,1,2,0,2,0,1,1,19,1,4,33,3,0,1,0
915,58,0,0,1,2,2,0,1,1,30,1,3,31,1,9,1,0
916,62,1,2,0,3,2,0,1,1,28,0,0,6,1,0,0,1
917,35,1,1,1,2,2,1,0,1,35,0,4,10,1,5,0,0
918,64,0,1,2,3,0,0,0,1,11,0,2,16,2,0,0,1
919,53,0,2,0,1,2,1,0,1,31,0,4,4,2,4,1,0
920,64,0,2,2,4,2,0,0,0,30,1,3,22,3,3,1,1
921,39,0,2,0,3,1,0,0,1,23,1,1,13,2,4,0,0
922,51,1,1,0,0,1,0,0,0,19,0,2,16,2,6,1,0
923,64,1,0,0,2,0,1,1,1,12,0,3,29,4,5,0,0
924,25,0,1,0,1,1,1,0,1,15,1,2,6,2,8,0,0
925,57,1,0,0,0,2,1,0,0,31,1,4,26,4,5,0,0
926,61,0,1,1,1,1,0,1,1,15,0,0,11,2,8,1,0
927,36,0,1,0,4,0,1,0,0,29,0,3,24,3,3,1,0
928,59,1,2,0,6,1,1,1,1,26,0,1,29,1,0,0,0
929,58,0,0,1,2,1,0,0,0,2,1,4,3,3,0,0,0
930,54,1,1,1,5,0,0,1,1,20,0,3,10,2,9,1,1
931,23,1,1,1,2,0,1,1,0,15,0,1,1,1,6,0,0
932,43,1,2,1,4,2,1,1,0,4,0,3,43,1,2,1,0
933,51,1,2,1,2,1,1,1,1,22,0,4,26,1,1,0,0
934,62,0,0,1,5,2,1,1,1,23,0,3,12,4,5,1,0
935,23,1,1,0,3,1,0,0,0,26,1,2,14,3,5,0,0
936,54,0,0,0,1,1,0,0,1,11,0,4,25,4,6,1,1
937,50,0,1,2,5,2,0,1,0,28,1,3,8,1,4,0,0
938,39,0,0,0,0,1,1,1,1,2,0,0,43,3,7,1,0
939,38,0,2,0,4,1,1,1,0,8,0,3,4,3,6,1,0
940,23,1,1,1,3,1,0,0,1,29,0,2,28,2,1,1,0
941,23,1,0,1,0,0,0,1,0,11,1,1,7,4,0,1,1
942,21,0,2,0,0,2,1,1,1,18,1,1,10,4,8,0,1
943,47,0,2,2,4,0,1,1,0,14,1,1,36,2,4,1,0
944,28,1,0,1,3,2,0,1,0,10,0,0,2,4,4,1,0
945,47,0,1,0,6,2,0,0,1,35,0,2,26,1,9,0,0
946,48,1,1,0,0,1,0,1,1,9,1,4,14,1,3,1,0
947,41,0,2,2,0,2,1,1,0,35,1,1,16,4,1,0,0
948,26,1,1,2,3,0,1,0,0,11,0,2,43,2,4,1,1
949,20,0,1,1,2,0,1,1,0,12,1,3,42,3,1,1,0
950,48,0,1,2,0,0,1,1,0,3,0,0,17,4,6,1,0
951,57,1,2,0,1,2,1,0,1,14,1,2,46,3,8,1,0
952,54,0,0,0,3,0,1,0,0,28,1,2,22,2,8,1,1
953,53,0,1,2,0,2,0,0,0,11,1,4,4,3,5,1,0
954,41,1,2,2,4,0,0,1,0,25,0,2,19,2,0,0,1
955,48,0,2,2,5,0,1,1,1,21,0,4,2,2,5,0,0
956,23,1,0,2,1,2,0,0,0,10,1,0,39,1,4,1,0
957,19,1,1,1,5,0,1,0,1,15,0,0,9,1,3,1,1
958,37,0,1,2,5,1,0,0,1,19,0,3,19,2,5,0,1
959,45,0,0,1,0,2,1,1,1,22,0,4,16,4,5,0,0
960,28,0,0,0,1,2,0,1,1,21,0,4,25,1,5,1,0
961,21,0,2,2,1,2,0,0,1,32,1,1,18,2,1,1,1
962,32,0,2,1,2,1,1,1,1,23,0,1,23,3,6,1,0
963,23,0,0,2,5,2,1,0,1,13,0,3,21,3,3,1,0
964,47,0,1,0,1,0,0,1,0,5,1,0,11,4,8,1,1
965,55,1,2,0,2,0,0,1,0,4,0,1,39,3,9,1,0
966,19,0,2,0,3,0,1,1,1,28,0,2,41,3,1,0,0
967,32,1,1,2,2,2,0,1,0,14,0,0,4,2,4,1,0
968,28,0,2,2,4,0,1,0,0,8,1,2,25,3,3,1,0
969,25,0,1,1,6,2,1,1,1,9,1,4,32,3,8,0,0
970,43,1,1,0,0,0,0,1,0,35,0,0,30,3,3,0,0
971,62,0,1,2,3,1,1,0,1,21,0,3,45,3,7,0,0
972,61,0,0,0,6,1,0,1,0,18,1,4,26,2,7,0,0
973,22,1,0,0,6,1,0,0,1,33,1,4,36,3,5,1,0
974,23,0,0,1,3,1,1,0,1,8,1,2,34,4,5,0,0
975,43,0,1,1,4,2,0,1,0,17,0,4,9,1,7,0,1
976,21,0,1,1,2,0,1,1,0,31,0,1,12,4,9,1,0
977,36,1,0,1,0,1,1,0,1,34,1,0,2,1,8,0,1
978,37,0,2,0,2,2,1,0,1,6,0,1,38,4,4,0,0
979,50,0,1,1,1,1,0,0,1,22,0,2,5,1,0,1,1
980,37,0,2,1,2,1,1,1,0,14,0,2,5,1,0,1,0
981,29,0,2,1,3,2,0,0,0,3,0,0,22,1,1,1,0
982,64,1,1,1,0,2,1,0,0,12,0,4,5,1,9,1,1
983,18,1,1,0,2,0,1,0,0,12,0,3,4,2,9,1,1
984,43,0,2,1,0,0,1,1,1,2,0,2,9,4,4,1,0
985,31,0,2,0,0,1,0,0,1,2,1,0,29,1,3,1,1
986,55,1,0,2,1,1,0,1,1,15,1,3,22,4,0,0,0
987,54,1,0,0,1,0,1,1,1,23,1,4,27,3,3,0,1
988,28,0,1,0,3,0,1,0,0,29,1,2,10,1,3,1,0
989,53,1,0,1,4,2,0,1,1,17,1,0,16,4,9,0,0
990,30,0,0,2,6,0,0,0,1,32,1,0,42,2,3,1,0
991,60,1,0,2,0,0,0,1,0,7,1,0,42,4,0,0,0
992,20,1,0,2,4,1,1,1,0,30,1,2,10,1,8,1,1
993,50,1,2,2,6,0,0,0,1,28,1,3,6,3,2,0,0
994,23,1,1,0,6,1,1,0,0,14,0,0,5,4,3,1,0
995,27,0,0,2,3,0,0,0,1,30,0,4,6,3,4,0,0
996,22,1,2,0,6,2,1,1,0,17,1,0,47,2,6,1,0
997,40,1,2,0,6,0,1,1,0,32,0,3,25,4,5,0,0
998,27,0,2,0,0,0,1,0,1,6,0,2,4,4,4,0,0
999,61,1,0,2,0,0,0,0,0,24,1,0,40,2,7,1,1
1000,19,1,0,1,5,1,0,1,1,6,1,0,32,2,0,0,0
