ProductID,Day,Sales
1,0,15
1,1,10
1,2,10
1,3,22
1,4,15
1,5,4
1,6,18
1,7,8
1,8,13
1,9,19
1,10,6
1,11,16
1,12,12
1,13,10
1,14,7
1,15,17
1,16,12
1,17,18
1,18,5
1,19,19
1,20,16
1,21,14
1,22,5
1,23,19
1,24,6
1,25,19
1,26,18
1,27,20
1,28,11
1,29,18
1,30,20
1,31,15
1,32,9
1,33,19
1,34,18
1,35,15
1,36,10
1,37,18
1,38,15
1,39,13
1,40,11
1,41,9
1,42,5
1,43,10
1,44,16
1,45,19
1,46,16
1,47,14
1,48,17
1,49,15
1,50,13
1,51,7
1,52,17
1,53,9
1,54,12
1,55,8
1,56,6
1,57,13
1,58,18
1,59,7
1,60,12
1,61,8
1,62,11
1,63,13
1,64,10
1,65,10
1,66,16
1,67,11
1,68,26
1,69,17
1,70,8
1,71,29
1,72,12
1,73,7
1,74,13
1,75,16
1,76,12
1,77,6
1,78,7
1,79,8
1,80,9
1,81,16
1,82,17
1,83,12
1,84,14
1,85,17
1,86,17
1,87,11
1,88,7
1,89,20
1,90,11
1,91,21
1,92,8
1,93,18
1,94,19
1,95,15
1,96,10
1,97,10
1,98,13
1,99,20
1,100,17
1,101,8
1,102,18
1,103,20
1,104,13
1,105,18
1,106,12
1,107,7
1,108,15
1,109,15
1,110,8
1,111,22
1,112,13
1,113,27
1,114,16
1,115,25
1,116,19
1,117,8
1,118,10
1,119,10
1,120,21
1,121,16
1,122,16
1,123,7
1,124,19
1,125,19
1,126,17
1,127,13
1,128,18
1,129,9
1,130,23
1,131,15
1,132,28
1,133,20
1,134,15
1,135,6
1,136,13
1,137,14
1,138,17
1,139,16
1,140,7
1,141,27
1,142,8
1,143,17
1,144,13
1,145,16
1,146,8
1,147,13
1,148,9
1,149,25
1,150,14
1,151,18
1,152,18
1,153,16
1,154,18
1,155,20
1,156,12
1,157,21
1,158,8
1,159,8
1,160,11
1,161,16
1,162,6
1,163,14
1,164,15
1,165,20
1,166,13
1,167,14
1,168,19
1,169,10
1,170,15
1,171,19
1,172,11
1,173,15
1,174,20
1,175,12
1,176,16
1,177,8
1,178,20
1,179,9
1,180,12
1,181,12
1,182,9
1,183,19
1,184,15
1,185,16
1,186,16
1,187,20
1,188,16
1,189,12
1,190,18
1,191,8
1,192,32
1,193,15
1,194,8
1,195,6
1,196,9
1,197,19
1,198,10
1,199,17
1,200,7
1,201,11
1,202,7
1,203,24
1,204,11
1,205,16
1,206,16
1,207,14
1,208,13
1,209,19
1,210,7
1,211,6
1,212,22
1,213,7
1,214,9
1,215,19
1,216,7
1,217,7
1,218,21
1,219,9
1,220,17
1,221,8
1,222,28
1,223,10
1,224,29
1,225,19
1,226,9
1,227,13
1,228,12
1,229,26
1,230,15
1,231,22
1,232,11
1,233,14
1,234,27
1,235,6
1,236,16
1,237,14
1,238,15
1,239,7
1,240,12
1,241,5
1,242,20
1,243,18
1,244,7
1,245,11
1,246,10
1,247,12
1,248,17
1,249,16
1,250,12
1,251,16
1,252,8
1,253,7
1,254,24
1,255,10
1,256,15
1,257,10
1,258,9
1,259,19
1,260,11
1,261,15
1,262,8
1,263,14
1,264,16
1,265,21
1,266,5
1,267,15
1,268,15
1,269,19
1,270,7
1,271,7
1,272,13
1,273,6
1,274,30
1,275,12
1,276,25
1,277,14
1,278,6
1,279,15
1,280,28
1,281,8
1,282,26
1,283,13
1,284,18
1,285,15
1,286,15
1,287,12
1,288,24
1,289,19
1,290,15
1,291,9
1,292,16
1,293,21
1,294,7
1,295,18
1,296,17
1,297,9
1,298,14
1,299,15
1,300,7
1,301,20
1,302,13
1,303,10
1,304,8
1,305,10
1,306,8
1,307,17
1,308,17
1,309,29
1,310,8
1,311,14
1,312,20
1,313,19
1,314,18
1,315,8
1,316,17
1,317,18
1,318,8
1,319,19
1,320,9
1,321,15
1,322,14
1,323,19
1,324,11
1,325,15
1,326,8
1,327,8
1,328,8
1,329,19
1,330,19
1,331,19
1,332,17
1,333,7
1,334,17
1,335,20
1,336,18
1,337,8
1,338,13
1,339,7
1,340,19
1,341,19
1,342,15
1,343,17
1,344,21
1,345,19
1,346,14
1,347,20
1,348,21
1,349,20
1,350,18
1,351,12
1,352,8
1,353,21
1,354,21
1,355,14
1,356,16
1,357,13
1,358,19
1,359,8
1,360,14
1,361,18
1,362,20
1,363,27
1,364,18
2,0,16
2,1,10
2,2,20
2,3,5
2,4,15
2,5,10
2,6,15
2,7,18
2,8,16
2,9,19
2,10,31
2,11,8
2,12,17
2,13,15
2,14,6
2,15,6
2,16,17
2,17,12
2,18,14
2,19,17
2,20,16
2,21,12
2,22,14
2,23,11
2,24,18
2,25,17
2,26,8
2,27,16
2,28,19
2,29,13
2,30,17
2,31,19
2,32,17
2,33,10
2,34,18
2,35,20
2,36,12
2,37,9
2,38,18
2,39,6
2,40,20
2,41,19
2,42,14
2,43,18
2,44,16
2,45,24
2,46,11
2,47,14
2,48,16
2,49,6
2,50,7
2,51,18
2,52,8
2,53,9
2,54,18
2,55,16
2,56,18
2,57,14
2,58,20
2,59,9
2,60,19
2,61,19
2,62,18
2,63,16
2,64,20
2,65,11
2,66,18
2,67,17
2,68,21
2,69,13
2,70,16
2,71,12
2,72,8
2,73,6
2,74,6
2,75,8
2,76,14
2,77,8
2,78,8
2,79,10
2,80,12
2,81,16
2,82,9
2,83,10
2,84,7
2,85,13
2,86,17
2,87,17
2,88,18
2,89,19
2,90,24
2,91,10
2,92,17
2,93,13
2,94,10
2,95,18
2,96,20
2,97,20
2,98,7
2,99,18
2,100,32
2,101,21
2,102,9
2,103,8
2,104,9
2,105,8
2,106,12
2,107,19
2,108,15
2,109,10
2,110,18
2,111,11
2,112,17
2,113,14
2,114,19
2,115,10
2,116,12
2,117,7
2,118,19
2,119,9
2,120,12
2,121,23
2,122,8
2,123,12
2,124,16
2,125,7
2,126,9
2,127,9
2,128,14
2,129,15
2,130,7
2,131,18
2,132,16
2,133,9
2,134,13
2,135,9
2,136,12
2,137,19
2,138,13
2,139,27
2,140,28
2,141,10
2,142,13
2,143,7
2,144,20
2,145,14
2,146,15
2,147,21
2,148,16
2,149,17
2,150,11
2,151,19
2,152,8
2,153,20
2,154,20
2,155,16
2,156,17
2,157,10
2,158,12
2,159,15
2,160,9
2,161,11
2,162,16
2,163,10
2,164,8
2,165,17
2,166,19
2,167,8
2,168,13
2,169,9
2,170,7
2,171,11
2,172,17
2,173,19
2,174,10
2,175,13
2,176,8
2,177,11
2,178,11
2,179,8
2,180,13
2,181,12
2,182,12
2,183,15
2,184,19
2,185,9
2,186,19
2,187,6
2,188,9
2,189,9
2,190,19
2,191,10
2,192,18
2,193,17
2,194,11
2,195,9
2,196,10
2,197,20
2,198,27
2,199,14
2,200,16
2,201,10
2,202,21
2,203,14
2,204,7
2,205,13
2,206,6
2,207,23
2,208,8
2,209,13
2,210,18
2,211,9
2,212,19
2,213,9
2,214,27
2,215,14
2,216,18
2,217,12
2,218,17
2,219,13
2,220,9
2,221,19
2,222,18
2,223,9
2,224,11
2,225,17
2,226,9
2,227,6
2,228,11
2,229,15
2,230,6
2,231,18
2,232,7
2,233,18
2,234,7
2,235,15
2,236,8
2,237,16
2,238,6
2,239,13
2,240,11
2,241,20
2,242,14
2,243,17
2,244,8
2,245,16
2,246,13
2,247,16
2,248,6
2,249,33
2,250,8
2,251,14
2,252,14
2,253,18
2,254,19
2,255,15
2,256,16
2,257,19
2,258,21
2,259,22
2,260,9
2,261,17
2,262,18
2,263,20
2,264,18
2,265,11
2,266,11
2,267,17
2,268,10
2,269,7
2,270,12
2,271,22
2,272,16
2,273,13
2,274,12
2,275,6
2,276,10
2,277,14
2,278,14
2,279,14
2,280,15
2,281,23
2,282,18
2,283,18
2,284,20
2,285,20
2,286,8
2,287,15
2,288,12
2,289,19
2,290,22
2,291,11
2,292,18
2,293,18
2,294,13
2,295,13
2,296,11
2,297,10
2,298,9
2,299,15
2,300,9
2,301,10
2,302,13
2,303,8
2,304,6
2,305,19
2,306,21
2,307,16
2,308,16
2,309,9
2,310,20
2,311,23
2,312,7
2,313,20
2,314,8
2,315,6
2,316,18
2,317,20
2,318,16
2,319,12
2,320,10
2,321,11
2,322,30
2,323,20
2,324,13
2,325,20
2,326,22
2,327,12
2,328,10
2,329,16
2,330,10
2,331,18
2,332,27
2,333,14
2,334,10
2,335,19
2,336,12
2,337,15
2,338,20
2,339,11
2,340,19
2,341,8
2,342,22
2,343,10
2,344,18
2,345,9
2,346,19
2,347,17
2,348,18
2,349,18
2,350,14
2,351,20
2,352,8
2,353,23
2,354,21
2,355,9
2,356,12
2,357,17
2,358,19
2,359,18
2,360,22
2,361,13
2,362,15
2,363,33
2,364,8
3,0,14
3,1,17
3,2,9
3,3,14
3,4,17
3,5,15
3,6,8
3,7,21
3,8,16
3,9,19
3,10,13
3,11,17
3,12,15
3,13,4
3,14,19
3,15,6
3,16,11
3,17,9
3,18,10
3,19,14
3,20,7
3,21,13
3,22,8
3,23,10
3,24,12
3,25,10
3,26,9
3,27,14
3,28,12
3,29,13
3,30,13
3,31,13
3,32,17
3,33,17
3,34,26
3,35,14
3,36,14
3,37,27
3,38,16
3,39,16
3,40,19
3,41,14
3,42,12
3,43,11
3,44,16
3,45,19
3,46,17
3,47,11
3,48,11
3,49,8
3,50,24
3,51,12
3,52,12
3,53,13
3,54,12
3,55,12
3,56,9
3,57,20
3,58,12
3,59,10
3,60,14
3,61,8
3,62,15
3,63,18
3,64,5
3,65,24
3,66,6
3,67,13
3,68,7
3,69,9
3,70,9
3,71,21
3,72,12
3,73,16
3,74,12
3,75,7
3,76,14
3,77,13
3,78,15
3,79,16
3,80,12
3,81,9
3,82,21
3,83,15
3,84,20
3,85,22
3,86,13
3,87,21
3,88,17
3,89,15
3,90,10
3,91,21
3,92,7
3,93,17
3,94,14
3,95,11
3,96,18
3,97,7
3,98,10
3,99,16
3,100,8
3,101,14
3,102,14
3,103,11
3,104,15
3,105,17
3,106,14
3,107,13
3,108,6
3,109,17
3,110,17
3,111,14
3,112,11
3,113,17
3,114,20
3,115,19
3,116,14
3,117,6
3,118,10
3,119,14
3,120,15
3,121,7
3,122,12
3,123,10
3,124,8
3,125,9
3,126,7
3,127,14
3,128,11
3,129,19
3,130,15
3,131,16
3,132,11
3,133,17
3,134,10
3,135,17
3,136,15
3,137,18
3,138,19
3,139,33
3,140,21
3,141,20
3,142,20
3,143,17
3,144,17
3,145,11
3,146,15
3,147,16
3,148,18
3,149,17
3,150,16
3,151,18
3,152,11
3,153,6
3,154,21
3,155,10
3,156,15
3,157,19
3,158,29
3,159,10
3,160,7
3,161,11
3,162,11
3,163,16
3,164,14
3,165,12
3,166,6
3,167,7
3,168,20
3,169,8
3,170,8
3,171,13
3,172,14
3,173,20
3,174,21
3,175,8
3,176,20
3,177,10
3,178,13
3,179,6
3,180,5
3,181,16
3,182,15
3,183,13
3,184,17
3,185,12
3,186,20
3,187,20
3,188,21
3,189,20
3,190,21
3,191,18
3,192,16
3,193,16
3,194,20
3,195,14
3,196,14
3,197,16
3,198,9
3,199,18
3,200,12
3,201,15
3,202,18
3,203,13
3,204,19
3,205,17
3,206,8
3,207,19
3,208,9
3,209,19
3,210,9
3,211,12
3,212,13
3,213,9
3,214,13
3,215,13
3,216,13
3,217,7
3,218,30
3,219,15
3,220,17
3,221,16
3,222,17
3,223,11
3,224,13
3,225,17
3,226,14
3,227,17
3,228,13
3,229,11
3,230,16
3,231,16
3,232,16
3,233,11
3,234,6
3,235,11
3,236,9
3,237,12
3,238,19
3,239,12
3,240,13
3,241,9
3,242,9
3,243,30
3,244,13
3,245,8
3,246,12
3,247,19
3,248,5
3,249,18
3,250,15
3,251,13
3,252,11
3,253,12
3,254,13
3,255,17
3,256,8
3,257,9
3,258,12
3,259,11
3,260,18
3,261,27
3,262,18
3,263,12
3,264,20
3,265,29
3,266,14
3,267,7
3,268,12
3,269,25
3,270,18
3,271,20
3,272,20
3,273,20
3,274,11
3,275,13
3,276,15
3,277,17
3,278,15
3,279,15
3,280,16
3,281,10
3,282,19
3,283,24
3,284,15
3,285,10
3,286,12
3,287,26
3,288,19
3,289,12
3,290,16
3,291,13
3,292,20
3,293,15
3,294,8
3,295,7
3,296,12
3,297,11
3,298,9
3,299,7
3,300,18
3,301,9
3,302,10
3,303,7
3,304,8
3,305,31
3,306,13
3,307,16
3,308,14
3,309,12
3,310,21
3,311,20
3,312,14
3,313,14
3,314,18
3,315,13
3,316,13
3,317,15
3,318,7
3,319,19
3,320,16
3,321,10
3,322,19
3,323,24
3,324,10
3,325,28
3,326,11
3,327,13
3,328,19
3,329,17
3,330,12
3,331,22
3,332,21
3,333,13
3,334,21
3,335,12
3,336,13
3,337,7
3,338,19
3,339,20
3,340,18
3,341,16
3,342,17
3,343,18
3,344,21
3,345,22
3,346,11
3,347,18
3,348,13
3,349,22
3,350,21
3,351,19
3,352,27
3,353,14
3,354,14
3,355,10
3,356,21
3,357,18
3,358,17
3,359,35
3,360,16
3,361,14
3,362,11
3,363,17
3,364,8
4,0,15
4,1,11
4,2,4
4,3,19
4,4,10
4,5,12
4,6,12
4,7,13
4,8,19
4,9,20
4,10,6
4,11,18
4,12,11
4,13,19
4,14,17
4,15,8
4,16,13
4,17,18
4,18,11
4,19,19
4,20,18
4,21,8
4,22,6
4,23,18
4,24,17
4,25,11
4,26,10
4,27,6
4,28,11
4,29,15
4,30,12
4,31,5
4,32,17
4,33,8
4,34,17
4,35,19
4,36,11
4,37,22
4,38,16
4,39,17
4,40,12
4,41,9
4,42,14
4,43,13
4,44,15
4,45,7
4,46,13
4,47,18
4,48,17
4,49,18
4,50,19
4,51,18
4,52,19
4,53,17
4,54,11
4,55,19
4,56,18
4,57,19
4,58,17
4,59,12
4,60,10
4,61,18
4,62,25
4,63,20
4,64,7
4,65,17
4,66,29
4,67,16
4,68,6
4,69,8
4,70,11
4,71,10
4,72,12
4,73,10
4,74,12
4,75,11
4,76,9
4,77,12
4,78,15
4,79,10
4,80,6
4,81,9
4,82,13
4,83,20
4,84,10
4,85,14
4,86,22
4,87,20
4,88,14
4,89,15
4,90,18
4,91,19
4,92,14
4,93,12
4,94,13
4,95,15
4,96,13
4,97,6
4,98,9
4,99,20
4,100,13
4,101,17
4,102,7
4,103,9
4,104,19
4,105,11
4,106,8
4,107,25
4,108,12
4,109,34
4,110,14
4,111,22
4,112,18
4,113,7
4,114,18
4,115,11
4,116,17
4,117,9
4,118,11
4,119,9
4,120,17
4,121,19
4,122,14
4,123,12
4,124,19
4,125,20
4,126,25
4,127,10
4,128,10
4,129,15
4,130,27
4,131,8
4,132,14
4,133,16
4,134,10
4,135,14
4,136,17
4,137,20
4,138,17
4,139,13
4,140,15
4,141,13
4,142,21
4,143,18
4,144,9
4,145,8
4,146,8
4,147,8
4,148,19
4,149,9
4,150,17
4,151,17
4,152,12
4,153,20
4,154,8
4,155,10
4,156,10
4,157,19
4,158,16
4,159,15
4,160,17
4,161,18
4,162,10
4,163,8
4,164,14
4,165,9
4,166,17
4,167,17
4,168,7
4,169,14
4,170,20
4,171,9
4,172,20
4,173,20
4,174,10
4,175,32
4,176,18
4,177,11
4,178,18
4,179,29
4,180,9
4,181,13
4,182,12
4,183,15
4,184,18
4,185,17
4,186,9
4,187,10
4,188,19
4,189,18
4,190,20
4,191,6
4,192,13
4,193,16
4,194,16
4,195,12
4,196,12
4,197,19
4,198,16
4,199,13
4,200,18
4,201,14
4,202,17
4,203,12
4,204,10
4,205,5
4,206,9
4,207,23
4,208,18
4,209,6
4,210,17
4,211,33
4,212,7
4,213,19
4,214,18
4,215,18
4,216,16
4,217,20
4,218,18
4,219,15
4,220,10
4,221,18
4,222,14
4,223,13
4,224,11
4,225,6
4,226,21
4,227,16
4,228,17
4,229,19
4,230,18
4,231,8
4,232,16
4,233,19
4,234,15
4,235,7
4,236,13
4,237,13
4,238,8
4,239,19
4,240,18
4,241,20
4,242,15
4,243,11
4,244,8
4,245,10
4,246,17
4,247,6
4,248,14
4,249,20
4,250,19
4,251,8
4,252,17
4,253,10
4,254,7
4,255,18
4,256,10
4,257,11
4,258,9
4,259,21
4,260,16
4,261,12
4,262,15
4,263,5
4,264,8
4,265,20
4,266,20
4,267,12
4,268,7
4,269,10
4,270,13
4,271,19
4,272,6
4,273,12
4,274,19
4,275,6
4,276,7
4,277,15
4,278,12
4,279,26
4,280,10
4,281,6
4,282,21
4,283,9
4,284,13
4,285,20
4,286,16
4,287,11
4,288,16
4,289,15
4,290,20
4,291,22
4,292,17
4,293,10
4,294,16
4,295,7
4,296,12
4,297,8
4,298,19
4,299,13
4,300,12
4,301,17
4,302,16
4,303,20
4,304,11
4,305,14
4,306,20
4,307,20
4,308,16
4,309,18
4,310,18
4,311,11
4,312,16
4,313,15
4,314,7
4,315,14
4,316,18
4,317,18
4,318,21
4,319,12
4,320,18
4,321,12
4,322,26
4,323,13
4,324,14
4,325,17
4,326,10
4,327,8
4,328,20
4,329,9
4,330,8
4,331,21
4,332,20
4,333,17
4,334,10
4,335,9
4,336,16
4,337,17
4,338,16
4,339,18
4,340,17
4,341,9
4,342,16
4,343,22
4,344,18
4,345,16
4,346,14
4,347,11
4,348,17
4,349,20
4,350,15
4,351,17
4,352,12
4,353,13
4,354,9
4,355,16
4,356,9
4,357,13
4,358,13
4,359,11
4,360,9
4,361,12
4,362,22
4,363,14
4,364,17
5,0,14
5,1,11
5,2,11
5,3,11
5,4,25
5,5,12
5,6,28
5,7,5
5,8,14
5,9,8
5,10,9
5,11,17
5,12,6
5,13,14
5,14,10
5,15,9
5,16,9
5,17,9
5,18,18
5,19,6
5,20,19
5,21,20
5,22,28
5,23,19
5,24,10
5,25,19
5,26,13
5,27,19
5,28,11
5,29,18
5,30,19
5,31,7
5,32,13
5,33,13
5,34,7
5,35,7
5,36,12
5,37,6
5,38,17
5,39,18
5,40,15
5,41,16
5,42,7
5,43,20
5,44,15
5,45,19
5,46,9
5,47,16
5,48,12
5,49,14
5,50,7
5,51,7
5,52,12
5,53,12
5,54,19
5,55,9
5,56,8
5,57,12
5,58,6
5,59,10
5,60,13
5,61,15
5,62,16
5,63,19
5,64,7
5,65,15
5,66,16
5,67,8
5,68,23
5,69,14
5,70,15
5,71,13
5,72,16
5,73,11
5,74,14
5,75,6
5,76,11
5,77,9
5,78,9
5,79,21
5,80,19
5,81,20
5,82,11
5,83,19
5,84,19
5,85,19
5,86,11
5,87,10
5,88,20
5,89,9
5,90,17
5,91,17
5,92,7
5,93,16
5,94,16
5,95,10
5,96,15
5,97,25
5,98,7
5,99,8
5,100,12
5,101,14
5,102,8
5,103,16
5,104,12
5,105,11
5,106,14
5,107,15
5,108,24
5,109,13
5,110,33
5,111,14
5,112,7
5,113,13
5,114,16
5,115,14
5,116,15
5,117,11
5,118,12
5,119,14
5,120,11
5,121,20
5,122,17
5,123,13
5,124,9
5,125,7
5,126,8
5,127,7
5,128,6
5,129,20
5,130,16
5,131,17
5,132,16
5,133,8
5,134,19
5,135,8
5,136,9
5,137,20
5,138,17
5,139,29
5,140,17
5,141,9
5,142,10
5,143,20
5,144,24
5,145,19
5,146,14
5,147,20
5,148,15
5,149,16
5,150,11
5,151,16
5,152,15
5,153,13
5,154,17
5,155,14
5,156,25
5,157,13
5,158,8
5,159,15
5,160,14
5,161,21
5,162,12
5,163,7
5,164,7
5,165,10
5,166,16
5,167,7
5,168,9
5,169,8
5,170,8
5,171,19
5,172,13
5,173,10
5,174,7
5,175,16
5,176,12
5,177,7
5,178,7
5,179,12
5,180,8
5,181,13
5,182,14
5,183,16
5,184,16
5,185,11
5,186,9
5,187,15
5,188,17
5,189,17
5,190,13
5,191,16
5,192,20
5,193,13
5,194,30
5,195,19
5,196,7
5,197,10
5,198,12
5,199,17
5,200,12
5,201,19
5,202,8
5,203,24
5,204,13
5,205,19
5,206,11
5,207,6
5,208,6
5,209,18
5,210,19
5,211,12
5,212,10
5,213,7
5,214,15
5,215,20
5,216,24
5,217,20
5,218,13
5,219,12
5,220,15
5,221,10
5,222,14
5,223,19
5,224,20
5,225,13
5,226,8
5,227,13
5,228,27
5,229,18
5,230,15
5,231,6
5,232,11
5,233,14
5,234,11
5,235,12
5,236,14
5,237,13
5,238,17
5,239,19
5,240,9
5,241,10
5,242,10
5,243,12
5,244,16
5,245,16
5,246,23
5,247,17
5,248,19
5,249,15
5,250,8
5,251,17
5,252,9
5,253,24
5,254,17
5,255,23
5,256,12
5,257,17
5,258,10
5,259,8
5,260,19
5,261,19
5,262,18
5,263,12
5,264,17
5,265,12
5,266,16
5,267,19
5,268,11
5,269,10
5,270,20
5,271,7
5,272,17
5,273,21
5,274,12
5,275,9
5,276,12
5,277,18
5,278,8
5,279,15
5,280,16
5,281,8
5,282,11
5,283,8
5,284,17
5,285,20
5,286,7
5,287,19
5,288,13
5,289,20
5,290,17
5,291,11
5,292,20
5,293,16
5,294,12
5,295,16
5,296,7
5,297,12
5,298,18
5,299,10
5,300,9
5,301,16
5,302,14
5,303,15
5,304,12
5,305,14
5,306,12
5,307,9
5,308,17
5,309,17
5,310,16
5,311,20
5,312,18
5,313,18
5,314,19
5,315,14
5,316,18
5,317,9
5,318,19
5,319,9
5,320,21
5,321,18
5,322,9
5,323,9
5,324,15
5,325,6
5,326,14
5,327,16
5,328,8
5,329,20
5,330,15
5,331,18
5,332,13
5,333,20
5,334,17
5,335,16
5,336,12
5,337,19
5,338,8
5,339,11
5,340,16
5,341,10
5,342,15
5,343,12
5,344,18
5,345,7
5,346,16
5,347,11
5,348,20
5,349,13
5,350,14
5,351,14
5,352,22
5,353,20
5,354,20
5,355,29
5,356,9
5,357,13
5,358,9
5,359,13
5,360,16
5,361,9
5,362,19
5,363,11
5,364,14
6,0,9
6,1,10
6,2,7
6,3,12
6,4,8
6,5,8
6,6,12
6,7,18
6,8,8
6,9,18
6,10,18
6,11,12
6,12,12
6,13,12
6,14,10
6,15,12
6,16,12
6,17,14
6,18,13
6,19,8
6,20,18
6,21,19
6,22,14
6,23,10
6,24,15
6,25,12
6,26,7
6,27,15
6,28,5
6,29,12
6,30,8
6,31,16
6,32,18
6,33,16
6,34,5
6,35,8
6,36,18
6,37,15
6,38,18
6,39,15
6,40,7
6,41,11
6,42,15
6,43,12
6,44,7
6,45,13
6,46,7
6,47,9
6,48,18
6,49,14
6,50,5
6,51,10
6,52,11
6,53,12
6,54,6
6,55,10
6,56,16
6,57,11
6,58,13
6,59,15
6,60,12
6,61,17
6,62,6
6,63,6
6,64,21
6,65,16
6,66,18
6,67,10
6,68,11
6,69,8
6,70,22
6,71,18
6,72,19
6,73,15
6,74,10
6,75,22
6,76,7
6,77,9
6,78,14
6,79,9
6,80,19
6,81,6
6,82,13
6,83,17
6,84,21
6,85,12
6,86,7
6,87,14
6,88,13
6,89,21
6,90,9
6,91,13
6,92,19
6,93,9
6,94,7
6,95,26
6,96,8
6,97,14
6,98,9
6,99,10
6,100,12
6,101,8
6,102,17
6,103,14
6,104,21
6,105,16
6,106,19
6,107,6
6,108,25
6,109,30
6,110,20
6,111,18
6,112,10
6,113,20
6,114,9
6,115,11
6,116,17
6,117,9
6,118,13
6,119,14
6,120,11
6,121,20
6,122,10
6,123,13
6,124,21
6,125,9
6,126,15
6,127,19
6,128,10
6,129,15
6,130,19
6,131,10
6,132,33
6,133,20
6,134,17
6,135,14
6,136,6
6,137,20
6,138,19
6,139,15
6,140,13
6,141,9
6,142,18
6,143,15
6,144,10
6,145,20
6,146,20
6,147,12
6,148,15
6,149,8
6,150,10
6,151,18
6,152,14
6,153,6
6,154,16
6,155,14
6,156,28
6,157,11
6,158,15
6,159,20
6,160,10
6,161,19
6,162,10
6,163,17
6,164,15
6,165,17
6,166,9
6,167,17
6,168,17
6,169,20
6,170,13
6,171,15
6,172,19
6,173,8
6,174,7
6,175,10
6,176,9
6,177,17
6,178,20
6,179,17
6,180,31
6,181,14
6,182,19
6,183,16
6,184,13
6,185,13
6,186,16
6,187,13
6,188,6
6,189,6
6,190,11
6,191,11
6,192,11
6,193,14
6,194,6
6,195,20
6,196,6
6,197,14
6,198,26
6,199,11
6,200,7
6,201,16
6,202,15
6,203,25
6,204,16
6,205,15
6,206,9
6,207,23
6,208,17
6,209,7
6,210,18
6,211,11
6,212,18
6,213,15
6,214,18
6,215,16
6,216,12
6,217,17
6,218,12
6,219,15
6,220,16
6,221,19
6,222,12
6,223,17
6,224,19
6,225,6
6,226,20
6,227,8
6,228,14
6,229,11
6,230,11
6,231,17
6,232,13
6,233,7
6,234,16
6,235,7
6,236,21
6,237,18
6,238,32
6,239,7
6,240,13
6,241,14
6,242,13
6,243,17
6,244,12
6,245,18
6,246,12
6,247,17
6,248,15
6,249,18
6,250,7
6,251,17
6,252,10
6,253,10
6,254,10
6,255,15
6,256,10
6,257,14
6,258,14
6,259,21
6,260,8
6,261,20
6,262,21
6,263,12
6,264,16
6,265,20
6,266,17
6,267,8
6,268,10
6,269,6
6,270,12
6,271,12
6,272,18
6,273,17
6,274,10
6,275,18
6,276,6
6,277,17
6,278,19
6,279,17
6,280,11
6,281,24
6,282,13
6,283,20
6,284,13
6,285,11
6,286,12
6,287,23
6,288,18
6,289,7
6,290,13
6,291,16
6,292,13
6,293,16
6,294,7
6,295,13
6,296,14
6,297,7
6,298,11
6,299,13
6,300,7
6,301,8
6,302,20
6,303,22
6,304,20
6,305,15
6,306,8
6,307,19
6,308,21
6,309,16
6,310,10
6,311,14
6,312,10
6,313,18
6,314,31
6,315,19
6,316,7
6,317,12
6,318,13
6,319,20
6,320,15
6,321,11
6,322,9
6,323,19
6,324,10
6,325,21
6,326,13
6,327,20
6,328,8
6,329,13
6,330,8
6,331,10
6,332,8
6,333,9
6,334,8
6,335,11
6,336,12
6,337,17
6,338,18
6,339,14
6,340,7
6,341,16
6,342,33
6,343,10
6,344,12
6,345,16
6,346,20
6,347,10
6,348,27
6,349,22
6,350,17
6,351,15
6,352,17
6,353,22
6,354,14
6,355,10
6,356,12
6,357,8
6,358,22
6,359,22
6,360,15
6,361,19
6,362,15
6,363,10
6,364,21
7,0,18
7,1,10
7,2,13
7,3,17
7,4,19
7,5,18
7,6,8
7,7,8
7,8,7
7,9,18
7,10,14
7,11,12
7,12,8
7,13,19
7,14,6
7,15,18
7,16,10
7,17,11
7,18,18
7,19,17
7,20,19
7,21,18
7,22,17
7,23,16
7,24,15
7,25,6
7,26,9
7,27,14
7,28,12
7,29,18
7,30,17
7,31,12
7,32,9
7,33,8
7,34,18
7,35,17
7,36,6
7,37,18
7,38,19
7,39,5
7,40,19
7,41,13
7,42,20
7,43,8
7,44,11
7,45,18
7,46,5
7,47,7
7,48,12
7,49,7
7,50,12
7,51,6
7,52,20
7,53,11
7,54,16
7,55,9
7,56,17
7,57,16
7,58,9
7,59,7
7,60,11
7,61,11
7,62,24
7,63,8
7,64,8
7,65,17
7,66,15
7,67,16
7,68,29
7,69,16
7,70,15
7,71,16
7,72,5
7,73,10
7,74,16
7,75,13
7,76,16
7,77,16
7,78,18
7,79,20
7,80,15
7,81,13
7,82,17
7,83,11
7,84,6
7,85,13
7,86,9
7,87,25
7,88,12
7,89,21
7,90,21
7,91,9
7,92,18
7,93,25
7,94,8
7,95,20
7,96,8
7,97,16
7,98,13
7,99,19
7,100,18
7,101,12
7,102,16
7,103,16
7,104,7
7,105,16
7,106,19
7,107,8
7,108,12
7,109,16
7,110,8
7,111,15
7,112,15
7,113,12
7,114,19
7,115,21
7,116,10
7,117,18
7,118,10
7,119,25
7,120,18
7,121,14
7,122,16
7,123,16
7,124,11
7,125,7
7,126,12
7,127,21
7,128,15
7,129,9
7,130,8
7,131,20
7,132,12
7,133,9
7,134,12
7,135,21
7,136,16
7,137,12
7,138,17
7,139,17
7,140,16
7,141,11
7,142,10
7,143,18
7,144,16
7,145,19
7,146,7
7,147,19
7,148,20
7,149,14
7,150,14
7,151,6
7,152,16
7,153,11
7,154,20
7,155,16
7,156,22
7,157,12
7,158,9
7,159,18
7,160,14
7,161,21
7,162,12
7,163,23
7,164,14
7,165,10
7,166,20
7,167,17
7,168,15
7,169,17
7,170,11
7,171,11
7,172,12
7,173,13
7,174,19
7,175,11
7,176,20
7,177,18
7,178,14
7,179,20
7,180,17
7,181,19
7,182,17
7,183,17
7,184,20
7,185,12
7,186,9
7,187,9
7,188,6
7,189,10
7,190,14
7,191,13
7,192,24
7,193,8
7,194,32
7,195,8
7,196,14
7,197,13
7,198,15
7,199,15
7,200,10
7,201,15
7,202,17
7,203,16
7,204,7
7,205,8
7,206,11
7,207,24
7,208,22
7,209,20
7,210,7
7,211,12
7,212,10
7,213,9
7,214,18
7,215,11
7,216,14
7,217,13
7,218,10
7,219,15
7,220,19
7,221,6
7,222,17
7,223,13
7,224,17
7,225,13
7,226,7
7,227,17
7,228,6
7,229,8
7,230,10
7,231,15
7,232,12
7,233,19
7,234,10
7,235,18
7,236,11
7,237,12
7,238,19
7,239,19
7,240,20
7,241,14
7,242,6
7,243,9
7,244,6
7,245,17
7,246,10
7,247,18
7,248,20
7,249,17
7,250,12
7,251,10
7,252,16
7,253,13
7,254,20
7,255,12
7,256,20
7,257,9
7,258,10
7,259,11
7,260,28
7,261,9
7,262,14
7,263,17
7,264,19
7,265,7
7,266,18
7,267,13
7,268,8
7,269,17
7,270,6
7,271,17
7,272,17
7,273,18
7,274,13
7,275,13
7,276,7
7,277,20
7,278,6
7,279,14
7,280,11
7,281,13
7,282,33
7,283,8
7,284,12
7,285,9
7,286,10
7,287,15
7,288,21
7,289,16
7,290,15
7,291,12
7,292,12
7,293,7
7,294,14
7,295,15
7,296,17
7,297,18
7,298,8
7,299,13
7,300,19
7,301,12
7,302,10
7,303,13
7,304,20
7,305,7
7,306,8
7,307,10
7,308,31
7,309,8
7,310,10
7,311,12
7,312,17
7,313,15
7,314,12
7,315,27
7,316,20
7,317,21
7,318,31
7,319,21
7,320,14
7,321,21
7,322,20
7,323,21
7,324,19
7,325,14
7,326,14
7,327,10
7,328,13
7,329,13
7,330,20
7,331,15
7,332,22
7,333,18
7,334,22
7,335,14
7,336,18
7,337,11
7,338,11
7,339,18
7,340,14
7,341,23
7,342,15
7,343,11
7,344,8
7,345,11
7,346,18
7,347,12
7,348,9
7,349,17
7,350,21
7,351,11
7,352,15
7,353,8
7,354,9
7,355,10
7,356,22
7,357,22
7,358,9
7,359,10
7,360,11
7,361,15
7,362,8
7,363,13
7,364,15
8,0,14
8,1,9
8,2,16
8,3,9
8,4,9
8,5,19
8,6,13
8,7,15
8,8,4
8,9,6
8,10,11
8,11,5
8,12,17
8,13,14
8,14,16
8,15,20
8,16,16
8,17,15
8,18,8
8,19,12
8,20,10
8,21,9
8,22,11
8,23,13
8,24,15
8,25,10
8,26,15
8,27,23
8,28,10
8,29,14
8,30,15
8,31,7
8,32,12
8,33,14
8,34,12
8,35,11
8,36,16
8,37,15
8,38,13
8,39,27
8,40,19
8,41,14
8,42,13
8,43,29
8,44,14
8,45,11
8,46,11
8,47,20
8,48,6
8,49,10
8,50,14
8,51,18
8,52,18
8,53,20
8,54,19
8,55,7
8,56,16
8,57,9
8,58,10
8,59,25
8,60,15
8,61,11
8,62,17
8,63,12
8,64,15
8,65,9
8,66,30
8,67,20
8,68,16
8,69,18
8,70,13
8,71,13
8,72,16
8,73,24
8,74,13
8,75,21
8,76,6
8,77,6
8,78,15
8,79,14
8,80,17
8,81,18
8,82,14
8,83,8
8,84,9
8,85,8
8,86,12
8,87,12
8,88,22
8,89,19
8,90,20
8,91,14
8,92,20
8,93,14
8,94,7
8,95,12
8,96,20
8,97,16
8,98,15
8,99,12
8,100,8
8,101,28
8,102,19
8,103,12
8,104,11
8,105,15
8,106,16
8,107,33
8,108,14
8,109,14
8,110,8
8,111,18
8,112,25
8,113,13
8,114,16
8,115,14
8,116,18
8,117,16
8,118,16
8,119,8
8,120,15
8,121,19
8,122,18
8,123,18
8,124,9
8,125,19
8,126,16
8,127,21
8,128,15
8,129,6
8,130,13
8,131,20
8,132,20
8,133,14
8,134,10
8,135,16
8,136,7
8,137,11
8,138,18
8,139,13
8,140,21
8,141,20
8,142,10
8,143,9
8,144,18
8,145,6
8,146,25
8,147,21
8,148,13
8,149,14
8,150,9
8,151,11
8,152,20
8,153,18
8,154,10
8,155,14
8,156,19
8,157,15
8,158,10
8,159,19
8,160,15
8,161,19
8,162,11
8,163,8
8,164,10
8,165,6
8,166,21
8,167,10
8,168,13
8,169,15
8,170,11
8,171,26
8,172,12
8,173,20
8,174,11
8,175,16
8,176,11
8,177,14
8,178,8
8,179,6
8,180,13
8,181,10
8,182,18
8,183,10
8,184,19
8,185,20
8,186,8
8,187,14
8,188,14
8,189,17
8,190,18
8,191,17
8,192,20
8,193,19
8,194,18
8,195,9
8,196,7
8,197,14
8,198,16
8,199,18
8,200,16
8,201,8
8,202,7
8,203,12
8,204,7
8,205,12
8,206,6
8,207,19
8,208,29
8,209,11
8,210,17
8,211,15
8,212,12
8,213,11
8,214,24
8,215,14
8,216,14
8,217,17
8,218,6
8,219,6
8,220,20
8,221,16
8,222,17
8,223,15
8,224,16
8,225,19
8,226,9
8,227,8
8,228,7
8,229,14
8,230,20
8,231,8
8,232,13
8,233,5
8,234,13
8,235,18
8,236,20
8,237,20
8,238,20
8,239,10
8,240,6
8,241,18
8,242,19
8,243,9
8,244,13
8,245,12
8,246,21
8,247,16
8,248,9
8,249,9
8,250,17
8,251,18
8,252,17
8,253,12
8,254,8
8,255,21
8,256,16
8,257,14
8,258,10
8,259,18
8,260,9
8,261,9
8,262,9
8,263,22
8,264,16
8,265,7
8,266,10
8,267,9
8,268,21
8,269,13
8,270,14
8,271,9
8,272,16
8,273,8
8,274,7
8,275,17
8,276,11
8,277,18
8,278,7
8,279,17
8,280,13
8,281,12
8,282,16
8,283,19
8,284,17
8,285,16
8,286,10
8,287,15
8,288,14
8,289,12
8,290,16
8,291,10
8,292,11
8,293,15
8,294,7
8,295,11
8,296,10
8,297,20
8,298,11
8,299,8
8,300,18
8,301,19
8,302,20
8,303,14
8,304,20
8,305,19
8,306,8
8,307,9
8,308,21
8,309,15
8,310,11
8,311,15
8,312,17
8,313,19
8,314,16
8,315,11
8,316,11
8,317,10
8,318,16
8,319,18
8,320,15
8,321,8
8,322,20
8,323,10
8,324,13
8,325,10
8,326,14
8,327,10
8,328,17
8,329,18
8,330,14
8,331,9
8,332,17
8,333,27
8,334,9
8,335,15
8,336,20
8,337,7
8,338,7
8,339,12
8,340,13
8,341,14
8,342,21
8,343,16
8,344,11
8,345,8
8,346,14
8,347,15
8,348,21
8,349,8
8,350,21
8,351,13
8,352,18
8,353,10
8,354,21
8,355,9
8,356,19
8,357,12
8,358,8
8,359,13
8,360,9
8,361,18
8,362,18
8,363,28
8,364,16
9,0,18
9,1,12
9,2,10
9,3,5
9,4,9
9,5,18
9,6,14
9,7,16
9,8,17
9,9,17
9,10,26
9,11,19
9,12,25
9,13,15
9,14,8
9,15,12
9,16,10
9,17,12
9,18,22
9,19,9
9,20,6
9,21,23
9,22,15
9,23,11
9,24,12
9,25,18
9,26,17
9,27,15
9,28,13
9,29,7
9,30,9
9,31,11
9,32,10
9,33,6
9,34,15
9,35,9
9,36,14
9,37,6
9,38,7
9,39,7
9,40,19
9,41,18
9,42,16
9,43,6
9,44,6
9,45,14
9,46,9
9,47,6
9,48,11
9,49,13
9,50,8
9,51,6
9,52,10
9,53,9
9,54,16
9,55,10
9,56,21
9,57,20
9,58,20
9,59,14
9,60,15
9,61,16
9,62,17
9,63,6
9,64,7
9,65,11
9,66,21
9,67,9
9,68,8
9,69,11
9,70,9
9,71,7
9,72,11
9,73,16
9,74,9
9,75,10
9,76,11
9,77,7
9,78,13
9,79,13
9,80,17
9,81,6
9,82,8
9,83,14
9,84,19
9,85,15
9,86,18
9,87,27
9,88,12
9,89,7
9,90,18
9,91,20
9,92,6
9,93,16
9,94,14
9,95,12
9,96,9
9,97,16
9,98,8
9,99,15
9,100,7
9,101,22
9,102,16
9,103,8
9,104,16
9,105,21
9,106,10
9,107,14
9,108,21
9,109,10
9,110,15
9,111,10
9,112,17
9,113,8
9,114,13
9,115,7
9,116,10
9,117,10
9,118,15
9,119,14
9,120,11
9,121,15
9,122,20
9,123,9
9,124,9
9,125,17
9,126,15
9,127,18
9,128,25
9,129,13
9,130,11
9,131,20
9,132,7
9,133,19
9,134,18
9,135,11
9,136,15
9,137,12
9,138,7
9,139,16
9,140,7
9,141,21
9,142,6
9,143,17
9,144,8
9,145,12
9,146,14
9,147,9
9,148,13
9,149,16
9,150,20
9,151,29
9,152,20
9,153,16
9,154,17
9,155,9
9,156,15
9,157,13
9,158,16
9,159,15
9,160,6
9,161,16
9,162,15
9,163,14
9,164,17
9,165,15
9,166,8
9,167,17
9,168,13
9,169,16
9,170,8
9,171,21
9,172,15
9,173,19
9,174,13
9,175,27
9,176,16
9,177,10
9,178,11
9,179,10
9,180,20
9,181,17
9,182,8
9,183,18
9,184,19
9,185,18
9,186,13
9,187,8
9,188,7
9,189,8
9,190,7
9,191,17
9,192,18
9,193,19
9,194,6
9,195,13
9,196,16
9,197,13
9,198,20
9,199,12
9,200,11
9,201,21
9,202,8
9,203,7
9,204,14
9,205,9
9,206,19
9,207,6
9,208,10
9,209,23
9,210,21
9,211,14
9,212,6
9,213,8
9,214,7
9,215,16
9,216,17
9,217,7
9,218,6
9,219,20
9,220,15
9,221,8
9,222,10
9,223,7
9,224,17
9,225,19
9,226,6
9,227,7
9,228,9
9,229,8
9,230,12
9,231,21
9,232,26
9,233,6
9,234,12
9,235,15
9,236,14
9,237,23
9,238,20
9,239,20
9,240,6
9,241,19
9,242,6
9,243,20
9,244,12
9,245,13
9,246,18
9,247,12
9,248,10
9,249,18
9,250,13
9,251,10
9,252,17
9,253,31
9,254,12
9,255,20
9,256,8
9,257,19
9,258,7
9,259,14
9,260,9
9,261,17
9,262,11
9,263,16
9,264,9
9,265,12
9,266,12
9,267,8
9,268,13
9,269,14
9,270,18
9,271,21
9,272,13
9,273,12
9,274,21
9,275,26
9,276,10
9,277,15
9,278,20
9,279,7
9,280,13
9,281,18
9,282,17
9,283,16
9,284,7
9,285,13
9,286,10
9,287,17
9,288,6
9,289,17
9,290,10
9,291,21
9,292,15
9,293,21
9,294,16
9,295,9
9,296,7
9,297,14
9,298,10
9,299,25
9,300,20
9,301,11
9,302,12
9,303,16
9,304,9
9,305,9
9,306,33
9,307,17
9,308,7
9,309,18
9,310,16
9,311,14
9,312,20
9,313,12
9,314,16
9,315,17
9,316,20
9,317,25
9,318,12
9,319,20
9,320,8
9,321,17
9,322,11
9,323,18
9,324,7
9,325,14
9,326,9
9,327,10
9,328,18
9,329,18
9,330,18
9,331,12
9,332,8
9,333,12
9,334,9
9,335,18
9,336,14
9,337,10
9,338,19
9,339,18
9,340,18
9,341,8
9,342,18
9,343,8
9,344,14
9,345,27
9,346,10
9,347,13
9,348,15
9,349,10
9,350,13
9,351,23
9,352,14
9,353,21
9,354,13
9,355,20
9,356,21
9,357,18
9,358,22
9,359,11
9,360,12
9,361,20
9,362,11
9,363,12
9,364,16
10,0,14
10,1,5
10,2,13
10,3,7
10,4,5
10,5,15
10,6,8
10,7,16
10,8,9
10,9,26
10,10,19
10,11,9
10,12,18
10,13,18
10,14,6
10,15,17
10,16,8
10,17,15
10,18,29
10,19,17
10,20,9
10,21,17
10,22,25
10,23,15
10,24,16
10,25,6
10,26,8
10,27,9
10,28,14
10,29,12
10,30,10
10,31,18
10,32,9
10,33,26
10,34,7
10,35,13
10,36,12
10,37,19
10,38,18
10,39,7
10,40,20
10,41,17
10,42,7
10,43,19
10,44,19
10,45,12
10,46,19
10,47,15
10,48,16
10,49,7
10,50,5
10,51,20
10,52,7
10,53,7
10,54,11
10,55,12
10,56,6
10,57,11
10,58,14
10,59,16
10,60,15
10,61,20
10,62,19
10,63,7
10,64,13
10,65,19
10,66,12
10,67,7
10,68,16
10,69,19
10,70,7
10,71,15
10,72,9
10,73,14
10,74,21
10,75,7
10,76,14
10,77,11
10,78,11
10,79,20
10,80,13
10,81,15
10,82,20
10,83,25
10,84,17
10,85,27
10,86,21
10,87,18
10,88,14
10,89,8
10,90,20
10,91,20
10,92,10
10,93,13
10,94,17
10,95,26
10,96,11
10,97,7
10,98,29
10,99,12
10,100,20
10,101,19
10,102,19
10,103,18
10,104,9
10,105,15
10,106,6
10,107,21
10,108,13
10,109,13
10,110,21
10,111,9
10,112,14
10,113,32
10,114,16
10,115,9
10,116,22
10,117,9
10,118,11
10,119,20
10,120,21
10,121,21
10,122,14
10,123,22
10,124,19
10,125,7
10,126,7
10,127,7
10,128,13
10,129,12
10,130,13
10,131,15
10,132,20
10,133,13
10,134,14
10,135,11
10,136,10
10,137,21
10,138,15
10,139,17
10,140,11
10,141,15
10,142,13
10,143,8
10,144,8
10,145,8
10,146,18
10,147,18
10,148,6
10,149,19
10,150,15
10,151,6
10,152,14
10,153,21
10,154,14
10,155,14
10,156,20
10,157,11
10,158,10
10,159,19
10,160,19
10,161,9
10,162,16
10,163,13
10,164,14
10,165,11
10,166,11
10,167,13
10,168,8
10,169,20
10,170,12
10,171,20
10,172,17
10,173,20
10,174,18
10,175,23
10,176,10
10,177,12
10,178,16
10,179,14
10,180,18
10,181,21
10,182,10
10,183,12
10,184,19
10,185,12
10,186,10
10,187,17
10,188,8
10,189,18
10,190,11
10,191,8
10,192,16
10,193,10
10,194,11
10,195,14
10,196,8
10,197,12
10,198,14
10,199,10
10,200,14
10,201,12
10,202,13
10,203,18
10,204,9
10,205,16
10,206,9
10,207,6
10,208,11
10,209,20
10,210,18
10,211,7
10,212,19
10,213,13
10,214,12
10,215,6
10,216,13
10,217,7
10,218,6
10,219,10
10,220,17
10,221,15
10,222,21
10,223,16
10,224,11
10,225,10
10,226,20
10,227,15
10,228,19
10,229,17
10,230,20
10,231,11
10,232,18
10,233,23
10,234,15
10,235,17
10,236,16
10,237,15
10,238,7
10,239,13
10,240,15
10,241,12
10,242,20
10,243,10
10,244,7
10,245,9
10,246,22
10,247,7
10,248,16
10,249,7
10,250,9
10,251,21
10,252,9
10,253,17
10,254,11
10,255,10
10,256,9
10,257,19
10,258,10
10,259,19
10,260,6
10,261,20
10,262,16
10,263,31
10,264,11
10,265,17
10,266,18
10,267,21
10,268,6
10,269,12
10,270,17
10,271,7
10,272,21
10,273,12
10,274,19
10,275,11
10,276,16
10,277,26
10,278,11
10,279,9
10,280,20
10,281,14
10,282,19
10,283,11
10,284,9
10,285,20
10,286,18
10,287,14
10,288,18
10,289,16
10,290,17
10,291,20
10,292,20
10,293,6
10,294,20
10,295,18
10,296,17
10,297,17
10,298,8
10,299,12
10,300,16
10,301,21
10,302,14
10,303,19
10,304,33
10,305,15
10,306,27
10,307,13
10,308,26
10,309,19
10,310,19
10,311,14
10,312,19
10,313,16
10,314,23
10,315,20
10,316,15
10,317,21
10,318,19
10,319,15
10,320,13
10,321,14
10,322,9
10,323,10
10,324,28
10,325,21
10,326,28
10,327,21
10,328,11
10,329,15
10,330,21
10,331,15
10,332,19
10,333,29
10,334,9
10,335,12
10,336,19
10,337,10
10,338,11
10,339,22
10,340,19
10,341,10
10,342,16
10,343,14
10,344,16
10,345,9
10,346,15
10,347,14
10,348,12
10,349,9
10,350,14
10,351,21
10,352,17
10,353,10
10,354,8
10,355,13
10,356,21
10,357,17
10,358,18
10,359,18
10,360,17
10,361,15
10,362,20
10,363,18
10,364,34
