CustomerID,Age,Gender,Location,AnnualIncome,TotalTransactions,TotalAmountSpent,AverageTransactionValue,NumberOfStoreVisits,NumberOfOnlineVisits,FavoriteCategory,LastPurchaseDate,PromotionResponded
1,56,Other,Urban,60254,35,910,26,3,32,Home Goods,2021-01-01 00:00:00,0
2,69,Other,Suburban,87418,12,468,39,28,12,Electronics,2021-01-02 00:00:00,0
3,46,Other,Suburban,44472,26,1248,48,12,40,Electronics,2021-01-03 00:00:00,0
4,32,Male,Rural,33471,19,475,25,3,41,Electronics,2021-01-04 00:00:00,0
5,60,Other,Suburban,38329,45,1620,36,4,46,Electronics,2021-01-05 00:00:00,1
6,25,Male,Suburban,64865,7,126,18,25,36,Home Goods,2021-01-06 00:00:00,1
7,38,Female,Rural,76850,47,2115,45,21,15,Apparel,2021-01-07 00:00:00,1
8,56,Other,Suburban,84220,7,287,41,3,44,Electronics,2021-01-08 00:00:00,1
9,36,Male,Suburban,36397,26,910,35,17,21,Home Goods,2021-01-09 00:00:00,0
10,40,Male,Suburban,65525,40,1880,47,5,19,Electronics,2021-01-10 00:00:00,1
11,28,Other,Suburban,83072,5,200,40,23,49,Apparel,2021-01-11 00:00:00,1
12,28,Female,Rural,53284,21,483,23,23,42,Electronics,2021-01-12 00:00:00,0
13,41,Female,Suburban,91330,14,672,48,22,26,Home Goods,2021-01-13 00:00:00,1
14,53,Female,Suburban,55122,4,84,21,21,40,Apparel,2021-01-14 00:00:00,1
15,57,Male,Rural,92812,23,943,41,1,15,Home Goods,2021-01-15 00:00:00,1
16,41,Male,Urban,37999,42,1596,38,22,33,Apparel,2021-01-16 00:00:00,1
17,20,Male,Rural,52436,20,880,44,10,31,Apparel,2021-01-17 00:00:00,0
18,39,Male,Urban,72963,15,555,37,27,25,Apparel,2021-01-18 00:00:00,0
19,19,Female,Rural,32096,45,1935,43,13,24,Electronics,2021-01-19 00:00:00,0
20,41,Other,Rural,55279,29,1566,54,29,1,Home Goods,2021-01-20 00:00:00,0
21,61,Male,Suburban,56201,8,168,21,4,11,Home Goods,2021-01-21 00:00:00,0
22,47,Male,Urban,49715,41,1394,34,5,39,Home Goods,2021-01-22 00:00:00,1
23,55,Female,Suburban,59309,48,1392,29,9,8,Apparel,2021-01-23 00:00:00,1
24,19,Other,Urban,45078,19,741,39,7,11,Electronics,2021-01-24 00:00:00,0
25,38,Other,Rural,86614,48,960,20,13,25,Apparel,2021-01-25 00:00:00,0
26,50,Female,Rural,35105,39,2340,60,23,8,Home Goods,2021-01-26 00:00:00,0
27,29,Female,Urban,32839,46,2530,55,2,9,Electronics,2021-01-27 00:00:00,1
28,39,Other,Suburban,98920,28,868,31,11,31,Electronics,2021-01-28 00:00:00,0
29,61,Male,Suburban,73619,46,920,20,15,33,Electronics,2021-01-29 00:00:00,1
30,42,Other,Suburban,72821,27,1134,42,27,47,Home Goods,2021-01-30 00:00:00,1
31,66,Female,Suburban,43493,4,64,16,29,19,Electronics,2021-01-31 00:00:00,1
32,44,Male,Rural,47069,15,855,57,22,38,Electronics,2021-02-01 00:00:00,1
33,59,Male,Rural,37531,35,1260,36,16,1,Apparel,2021-02-02 00:00:00,0
34,45,Female,Rural,67051,37,1073,29,0,0,Apparel,2021-02-03 00:00:00,1
35,33,Female,Rural,37736,1,18,18,22,35,Electronics,2021-02-04 00:00:00,1
36,32,Female,Rural,37710,3,120,40,9,23,Electronics,2021-02-05 00:00:00,0
37,64,Other,Suburban,97155,47,2820,60,24,26,Apparel,2021-02-06 00:00:00,1
38,68,Other,Suburban,43975,24,1272,53,22,1,Apparel,2021-02-07 00:00:00,1
39,61,Male,Suburban,92424,27,513,19,9,30,Apparel,2021-02-08 00:00:00,1
40,69,Female,Suburban,75603,40,1560,39,20,13,Home Goods,2021-02-09 00:00:00,0
41,20,Male,Rural,53252,36,1440,40,23,1,Home Goods,2021-02-10 00:00:00,1
42,54,Male,Rural,31431,34,1904,56,1,28,Apparel,2021-02-11 00:00:00,1
43,68,Male,Rural,67481,29,1160,40,8,14,Electronics,2021-02-12 00:00:00,0
44,24,Male,Urban,39557,24,1248,52,21,11,Apparel,2021-02-13 00:00:00,0
45,38,Female,Suburban,30162,24,840,35,12,36,Home Goods,2021-02-14 00:00:00,1
46,26,Male,Suburban,64742,42,1092,26,24,27,Electronics,2021-02-15 00:00:00,1
47,56,Female,Rural,49675,4,232,58,15,19,Home Goods,2021-02-16 00:00:00,0
48,35,Female,Suburban,47015,3,180,60,17,38,Electronics,2021-02-17 00:00:00,1
49,21,Other,Suburban,80057,34,1632,48,18,23,Home Goods,2021-02-18 00:00:00,0
50,42,Female,Rural,62591,49,1519,31,11,20,Electronics,2021-02-19 00:00:00,1
51,31,Other,Urban,39833,23,759,33,7,9,Electronics,2021-02-20 00:00:00,0
52,67,Female,Urban,37896,23,943,41,16,45,Electronics,2021-02-21 00:00:00,1
53,26,Female,Urban,62972,45,1170,26,14,13,Electronics,2021-02-22 00:00:00,0
54,43,Female,Rural,79733,5,85,17,9,36,Home Goods,2021-02-23 00:00:00,0
55,19,Other,Suburban,71800,31,744,24,14,17,Home Goods,2021-02-24 00:00:00,0
56,37,Other,Rural,35347,41,2255,55,14,23,Electronics,2021-02-25 00:00:00,0
57,45,Male,Rural,89063,6,258,43,22,13,Electronics,2021-02-26 00:00:00,0
58,64,Other,Suburban,32643,37,1628,44,6,33,Home Goods,2021-02-27 00:00:00,1
59,24,Other,Urban,70785,10,340,34,12,11,Electronics,2021-02-28 00:00:00,1
60,61,Other,Urban,48681,40,2280,57,16,21,Electronics,2021-03-01 00:00:00,0
61,25,Other,Rural,80026,7,385,55,8,5,Electronics,2021-03-02 00:00:00,1
62,64,Male,Urban,45892,39,1326,34,7,35,Apparel,2021-03-03 00:00:00,1
63,52,Other,Rural,77299,38,1026,27,19,44,Electronics,2021-03-04 00:00:00,1
64,31,Female,Rural,47073,21,462,22,25,35,Apparel,2021-03-05 00:00:00,1
65,34,Female,Suburban,60682,20,440,22,26,21,Electronics,2021-03-06 00:00:00,1
66,53,Other,Suburban,44289,3,156,52,20,13,Home Goods,2021-03-07 00:00:00,1
67,67,Other,Suburban,37927,22,484,22,17,15,Apparel,2021-03-08 00:00:00,0
68,57,Female,Rural,78330,47,2256,48,12,35,Apparel,2021-03-09 00:00:00,1
69,21,Female,Suburban,96707,4,108,27,15,24,Electronics,2021-03-10 00:00:00,1
70,19,Male,Urban,95428,28,476,17,8,31,Electronics,2021-03-11 00:00:00,1
71,23,Female,Urban,80601,12,228,19,11,32,Apparel,2021-03-12 00:00:00,0
72,59,Female,Rural,32539,38,1368,36,11,44,Home Goods,2021-03-13 00:00:00,1
73,21,Other,Rural,52669,36,1872,52,5,35,Home Goods,2021-03-14 00:00:00,1
74,46,Female,Suburban,50644,47,2350,50,18,19,Electronics,2021-03-15 00:00:00,1
75,35,Male,Rural,48745,41,1968,48,27,17,Home Goods,2021-03-16 00:00:00,0
76,43,Female,Rural,58228,5,220,44,6,37,Home Goods,2021-03-17 00:00:00,1
77,61,Other,Urban,64521,13,741,57,24,2,Electronics,2021-03-18 00:00:00,0
78,51,Other,Urban,56928,23,1104,48,2,22,Home Goods,2021-03-19 00:00:00,1
79,27,Female,Suburban,48322,30,1110,37,15,31,Electronics,2021-03-20 00:00:00,0
80,53,Other,Rural,87714,37,1147,31,17,44,Apparel,2021-03-21 00:00:00,0
81,31,Male,Rural,92292,25,475,19,15,15,Electronics,2021-03-22 00:00:00,0
82,48,Male,Urban,59055,48,1920,40,22,4,Apparel,2021-03-23 00:00:00,1
83,65,Female,Rural,72891,27,1539,57,6,3,Apparel,2021-03-24 00:00:00,0
84,32,Female,Urban,36588,14,588,42,3,20,Home Goods,2021-03-25 00:00:00,0
85,25,Female,Suburban,36304,48,2592,54,26,39,Home Goods,2021-03-26 00:00:00,0
86,31,Other,Urban,37345,47,1598,34,24,13,Home Goods,2021-03-27 00:00:00,0
87,40,Male,Rural,59300,36,1944,54,29,38,Electronics,2021-03-28 00:00:00,1
88,57,Male,Suburban,54259,39,1755,45,7,30,Home Goods,2021-03-29 00:00:00,1
89,38,Other,Urban,45352,16,608,38,12,13,Apparel,2021-03-30 00:00:00,1
90,33,Male,Urban,63365,22,1122,51,12,5,Home Goods,2021-03-31 00:00:00,1
91,62,Female,Suburban,49446,21,1029,49,16,11,Home Goods,2021-04-01 00:00:00,0
92,35,Female,Suburban,32336,21,756,36,16,15,Electronics,2021-04-02 00:00:00,1
93,64,Female,Urban,92032,8,336,42,4,16,Electronics,2021-04-03 00:00:00,0
94,41,Male,Rural,37521,49,1862,38,5,44,Apparel,2021-04-04 00:00:00,1
95,43,Female,Urban,53481,16,352,22,18,22,Electronics,2021-04-05 00:00:00,1
96,42,Other,Suburban,48474,31,868,28,12,13,Home Goods,2021-04-06 00:00:00,1
97,62,Other,Urban,76760,42,1848,44,24,6,Electronics,2021-04-07 00:00:00,0
98,58,Male,Suburban,85718,10,470,47,27,45,Apparel,2021-04-08 00:00:00,1
99,46,Other,Suburban,74629,32,1408,44,25,31,Home Goods,2021-04-09 00:00:00,1
100,32,Other,Rural,75232,34,1666,49,13,14,Apparel,2021-04-10 00:00:00,1
101,62,Male,Suburban,97169,9,342,38,21,43,Electronics,2021-04-11 00:00:00,0
102,18,Female,Suburban,80669,17,408,24,3,16,Electronics,2021-04-12 00:00:00,1
103,42,Female,Rural,99184,11,440,40,27,40,Apparel,2021-04-13 00:00:00,1
104,24,Female,Suburban,77945,32,704,22,6,46,Home Goods,2021-04-14 00:00:00,0
105,26,Male,Rural,43140,10,370,37,7,43,Electronics,2021-04-15 00:00:00,0
106,41,Other,Rural,44357,22,704,32,24,33,Electronics,2021-04-16 00:00:00,1
107,18,Female,Suburban,98673,17,884,52,12,4,Home Goods,2021-04-17 00:00:00,1
108,61,Female,Suburban,95633,4,140,35,26,44,Electronics,2021-04-18 00:00:00,1
109,25,Male,Urban,42924,48,2112,44,5,26,Apparel,2021-04-19 00:00:00,0
110,41,Female,Rural,99286,47,2209,47,5,22,Electronics,2021-04-20 00:00:00,0
111,28,Male,Urban,87326,25,650,26,23,39,Electronics,2021-04-21 00:00:00,0
112,68,Other,Suburban,60651,21,1260,60,27,13,Home Goods,2021-04-22 00:00:00,1
113,34,Male,Urban,78777,37,629,17,20,14,Apparel,2021-04-23 00:00:00,0
114,25,Male,Rural,46994,38,1976,52,29,42,Home Goods,2021-04-24 00:00:00,1
115,52,Male,Urban,97263,49,1127,23,2,32,Electronics,2021-04-25 00:00:00,0
116,52,Male,Rural,89634,1,39,39,27,30,Electronics,2021-04-26 00:00:00,0
117,50,Other,Suburban,40800,25,600,24,2,34,Home Goods,2021-04-27 00:00:00,0
118,22,Other,Suburban,67823,36,792,22,12,16,Home Goods,2021-04-28 00:00:00,1
119,59,Female,Rural,93878,17,629,37,21,27,Home Goods,2021-04-29 00:00:00,1
120,56,Other,Suburban,48708,41,2255,55,1,18,Apparel,2021-04-30 00:00:00,1
121,58,Other,Suburban,42819,24,408,17,15,45,Electronics,2021-05-01 00:00:00,1
122,45,Female,Suburban,93870,2,88,44,21,22,Home Goods,2021-05-02 00:00:00,0
123,24,Other,Suburban,39283,40,1960,49,28,31,Electronics,2021-05-03 00:00:00,1
124,26,Male,Rural,60573,15,660,44,5,39,Apparel,2021-05-04 00:00:00,0
125,25,Male,Urban,60933,32,1216,38,7,12,Apparel,2021-05-05 00:00:00,1
126,29,Female,Urban,35774,39,2106,54,22,19,Apparel,2021-05-06 00:00:00,1
127,51,Female,Suburban,40983,6,156,26,7,34,Apparel,2021-05-07 00:00:00,0
128,50,Female,Urban,48133,1,32,32,29,4,Electronics,2021-05-08 00:00:00,0
129,65,Male,Urban,44939,47,1833,39,24,8,Apparel,2021-05-09 00:00:00,1
130,40,Other,Suburban,30781,23,1173,51,5,28,Apparel,2021-05-10 00:00:00,1
131,41,Male,Suburban,86700,39,936,24,13,5,Home Goods,2021-05-11 00:00:00,0
132,54,Female,Urban,57624,17,697,41,2,24,Apparel,2021-05-12 00:00:00,0
133,52,Other,Rural,36823,34,510,15,9,30,Home Goods,2021-05-13 00:00:00,0
134,61,Other,Suburban,48489,41,2419,59,2,21,Apparel,2021-05-14 00:00:00,0
135,57,Male,Rural,69961,29,1073,37,26,1,Apparel,2021-05-15 00:00:00,0
136,39,Female,Urban,59118,9,315,35,11,44,Home Goods,2021-05-16 00:00:00,1
137,44,Male,Suburban,52263,13,260,20,16,4,Apparel,2021-05-17 00:00:00,1
138,52,Other,Rural,43565,6,252,42,26,26,Electronics,2021-05-18 00:00:00,1
139,18,Male,Suburban,50354,6,246,41,28,24,Electronics,2021-05-19 00:00:00,1
140,52,Male,Urban,72951,20,920,46,4,7,Apparel,2021-05-20 00:00:00,0
141,54,Female,Rural,53648,3,54,18,29,0,Electronics,2021-05-21 00:00:00,0
142,64,Female,Urban,80729,17,425,25,19,19,Home Goods,2021-05-22 00:00:00,0
143,31,Other,Urban,71971,49,2205,45,24,43,Apparel,2021-05-23 00:00:00,1
144,20,Male,Suburban,48658,12,204,17,8,22,Apparel,2021-05-24 00:00:00,0
145,18,Male,Rural,51253,48,2016,42,29,31,Home Goods,2021-05-25 00:00:00,0
146,22,Male,Urban,94166,47,1739,37,20,10,Home Goods,2021-05-26 00:00:00,1
147,43,Other,Urban,78563,45,1755,39,25,38,Home Goods,2021-05-27 00:00:00,1
148,31,Other,Rural,56390,1,23,23,19,46,Apparel,2021-05-28 00:00:00,1
149,56,Female,Urban,81578,17,561,33,6,23,Home Goods,2021-05-29 00:00:00,0
150,44,Female,Urban,62658,3,66,22,21,10,Home Goods,2021-05-30 00:00:00,0
151,26,Female,Rural,36852,26,546,21,3,28,Electronics,2021-05-31 00:00:00,1
152,32,Male,Rural,32551,15,285,19,12,25,Electronics,2021-06-01 00:00:00,1
153,32,Male,Rural,91001,36,792,22,12,15,Apparel,2021-06-02 00:00:00,0
154,43,Female,Rural,79159,32,1568,49,9,34,Electronics,2021-06-03 00:00:00,1
155,59,Male,Suburban,81707,32,640,20,17,19,Electronics,2021-06-04 00:00:00,0
156,30,Female,Rural,63243,4,180,45,16,45,Home Goods,2021-06-05 00:00:00,1
157,68,Other,Suburban,51800,18,774,43,19,2,Home Goods,2021-06-06 00:00:00,1
158,49,Female,Suburban,87828,49,2450,50,19,0,Electronics,2021-06-07 00:00:00,1
159,56,Other,Suburban,37239,19,988,52,12,46,Electronics,2021-06-08 00:00:00,0
160,66,Male,Urban,36710,43,1677,39,16,0,Electronics,2021-06-09 00:00:00,0
161,69,Female,Suburban,51384,35,1575,45,21,16,Apparel,2021-06-10 00:00:00,1
162,49,Male,Suburban,51038,40,920,23,3,1,Apparel,2021-06-11 00:00:00,0
163,21,Other,Urban,70846,14,574,41,0,28,Apparel,2021-06-12 00:00:00,1
164,47,Other,Urban,97821,33,1881,57,0,19,Electronics,2021-06-13 00:00:00,1
165,54,Other,Urban,67991,14,546,39,14,5,Electronics,2021-06-14 00:00:00,0
166,40,Male,Rural,36971,34,1394,41,12,7,Apparel,2021-06-15 00:00:00,0
167,56,Male,Urban,59139,4,160,40,16,28,Apparel,2021-06-16 00:00:00,0
168,62,Male,Urban,67711,24,792,33,23,47,Electronics,2021-06-17 00:00:00,0
169,32,Male,Suburban,36530,29,1566,54,25,32,Home Goods,2021-06-18 00:00:00,1
170,60,Other,Urban,41116,19,1026,54,7,2,Apparel,2021-06-19 00:00:00,0
171,46,Other,Rural,95794,6,288,48,17,34,Electronics,2021-06-20 00:00:00,0
172,53,Female,Urban,30282,33,726,22,26,4,Electronics,2021-06-21 00:00:00,1
173,30,Female,Rural,31898,49,2450,50,12,26,Home Goods,2021-06-22 00:00:00,1
174,49,Male,Urban,34135,40,2080,52,22,43,Electronics,2021-06-23 00:00:00,1
175,24,Other,Urban,36629,19,1083,57,13,11,Electronics,2021-06-24 00:00:00,1
176,68,Other,Urban,95031,1,41,41,7,19,Apparel,2021-06-25 00:00:00,0
177,39,Other,Urban,63380,5,275,55,7,44,Apparel,2021-06-26 00:00:00,0
178,45,Female,Rural,47071,27,837,31,26,19,Home Goods,2021-06-27 00:00:00,1
179,19,Female,Rural,50074,16,720,45,25,8,Home Goods,2021-06-28 00:00:00,1
180,59,Other,Suburban,97843,6,246,41,14,38,Electronics,2021-06-29 00:00:00,0
181,62,Other,Rural,69901,40,2240,56,26,3,Apparel,2021-06-30 00:00:00,0
182,23,Other,Urban,41205,13,286,22,12,18,Home Goods,2021-07-01 00:00:00,0
183,45,Female,Suburban,85661,48,2400,50,6,37,Home Goods,2021-07-02 00:00:00,0
184,45,Other,Suburban,35906,35,700,20,4,26,Home Goods,2021-07-03 00:00:00,0
185,61,Other,Suburban,32591,19,608,32,16,44,Electronics,2021-07-04 00:00:00,1
186,61,Male,Urban,92987,12,636,53,27,42,Apparel,2021-07-05 00:00:00,1
187,37,Male,Rural,93370,16,608,38,24,12,Home Goods,2021-07-06 00:00:00,1
188,47,Female,Urban,84400,43,2451,57,28,12,Apparel,2021-07-07 00:00:00,1
189,28,Other,Suburban,55150,10,190,19,15,21,Home Goods,2021-07-08 00:00:00,0
190,45,Other,Urban,61852,25,1450,58,22,27,Home Goods,2021-07-09 00:00:00,1
191,42,Male,Urban,72870,20,620,31,1,46,Apparel,2021-07-10 00:00:00,0
192,56,Female,Rural,82756,31,1798,58,21,44,Apparel,2021-07-11 00:00:00,0
193,50,Male,Rural,86481,4,216,54,17,21,Apparel,2021-07-12 00:00:00,0
194,18,Male,Suburban,31283,44,836,19,16,42,Electronics,2021-07-13 00:00:00,0
195,44,Male,Urban,63691,23,1035,45,29,18,Home Goods,2021-07-14 00:00:00,0
196,69,Male,Urban,31125,2,56,28,6,7,Electronics,2021-07-15 00:00:00,0
197,30,Other,Rural,97065,22,1276,58,12,7,Apparel,2021-07-16 00:00:00,0
198,58,Other,Urban,56170,37,1184,32,17,41,Home Goods,2021-07-17 00:00:00,1
199,20,Male,Urban,38438,8,472,59,28,25,Electronics,2021-07-18 00:00:00,0
200,56,Female,Urban,50095,7,357,51,13,47,Home Goods,2021-07-19 00:00:00,1
201,23,Female,Rural,46154,14,210,15,29,25,Electronics,2021-07-20 00:00:00,1
202,25,Female,Suburban,38004,3,102,34,17,22,Apparel,2021-07-21 00:00:00,0
203,44,Female,Suburban,39752,16,688,43,12,42,Electronics,2021-07-22 00:00:00,0
204,26,Male,Urban,85426,19,1045,55,10,12,Home Goods,2021-07-23 00:00:00,1
205,54,Other,Suburban,56819,18,774,43,20,27,Home Goods,2021-07-24 00:00:00,1
206,50,Female,Rural,54217,16,512,32,29,8,Home Goods,2021-07-25 00:00:00,1
207,68,Male,Rural,62994,8,440,55,20,19,Home Goods,2021-07-26 00:00:00,1
208,59,Female,Suburban,45036,33,1980,60,15,18,Apparel,2021-07-27 00:00:00,0
209,61,Female,Suburban,79416,49,1225,25,22,47,Electronics,2021-07-28 00:00:00,0
210,41,Male,Urban,39587,12,516,43,16,38,Apparel,2021-07-29 00:00:00,0
211,32,Other,Suburban,30645,11,297,27,7,11,Apparel,2021-07-30 00:00:00,1
212,49,Other,Urban,60930,5,245,49,18,14,Apparel,2021-07-31 00:00:00,0
213,49,Male,Urban,60090,27,918,34,19,30,Home Goods,2021-08-01 00:00:00,1
214,41,Other,Rural,82142,12,288,24,14,13,Home Goods,2021-08-02 00:00:00,0
215,58,Male,Rural,56475,17,391,23,8,10,Home Goods,2021-08-03 00:00:00,1
216,69,Male,Rural,48888,6,90,15,19,25,Electronics,2021-08-04 00:00:00,0
217,66,Male,Rural,73732,33,1584,48,9,41,Home Goods,2021-08-05 00:00:00,0
218,66,Other,Suburban,76305,5,80,16,11,26,Electronics,2021-08-06 00:00:00,1
219,69,Male,Rural,76037,28,840,30,20,10,Home Goods,2021-08-07 00:00:00,1
220,29,Female,Suburban,39346,14,434,31,22,37,Home Goods,2021-08-08 00:00:00,1
221,56,Other,Rural,30587,5,290,58,19,33,Apparel,2021-08-09 00:00:00,1
222,19,Other,Suburban,42763,33,957,29,29,42,Apparel,2021-08-10 00:00:00,1
223,20,Other,Urban,89165,48,1920,40,0,18,Apparel,2021-08-11 00:00:00,0
224,66,Other,Suburban,99615,41,2296,56,24,5,Electronics,2021-08-12 00:00:00,1
225,54,Female,Suburban,66116,19,285,15,19,45,Electronics,2021-08-13 00:00:00,0
226,66,Other,Rural,55556,22,1012,46,8,37,Home Goods,2021-08-14 00:00:00,0
227,34,Other,Suburban,89042,5,290,58,21,48,Electronics,2021-08-15 00:00:00,0
228,66,Male,Urban,48099,2,116,58,14,41,Home Goods,2021-08-16 00:00:00,0
229,19,Other,Urban,75096,30,1590,53,0,27,Electronics,2021-08-17 00:00:00,0
230,19,Female,Rural,43230,47,1598,34,11,0,Electronics,2021-08-18 00:00:00,1
231,45,Female,Urban,59009,39,1248,32,2,34,Electronics,2021-08-19 00:00:00,1
232,40,Female,Suburban,63866,4,72,18,10,39,Apparel,2021-08-20 00:00:00,0
233,54,Female,Urban,71855,33,1848,56,1,7,Electronics,2021-08-21 00:00:00,0
234,49,Other,Rural,36416,13,559,43,15,46,Apparel,2021-08-22 00:00:00,1
235,50,Other,Suburban,85915,20,1080,54,8,6,Apparel,2021-08-23 00:00:00,1
236,18,Female,Rural,48058,7,301,43,14,10,Electronics,2021-08-24 00:00:00,0
237,36,Female,Suburban,70718,15,255,17,11,38,Home Goods,2021-08-25 00:00:00,1
238,19,Other,Urban,62602,23,1035,45,0,3,Home Goods,2021-08-26 00:00:00,1
239,61,Female,Rural,88067,14,672,48,12,24,Home Goods,2021-08-27 00:00:00,1
240,43,Male,Rural,57516,23,1173,51,13,11,Electronics,2021-08-28 00:00:00,0
241,49,Female,Suburban,31089,19,1083,57,24,25,Home Goods,2021-08-29 00:00:00,1
242,23,Female,Rural,67346,29,464,16,24,37,Apparel,2021-08-30 00:00:00,0
243,49,Male,Suburban,40487,20,720,36,7,45,Home Goods,2021-08-31 00:00:00,0
244,21,Male,Suburban,30155,29,1305,45,7,11,Electronics,2021-09-01 00:00:00,0
245,28,Other,Suburban,97494,24,888,37,26,42,Home Goods,2021-09-02 00:00:00,0
246,34,Other,Suburban,68547,18,504,28,29,36,Apparel,2021-09-03 00:00:00,0
247,55,Male,Urban,58795,10,280,28,11,45,Electronics,2021-09-04 00:00:00,1
248,41,Male,Suburban,85296,41,1763,43,0,23,Home Goods,2021-09-05 00:00:00,0
249,22,Other,Rural,51447,8,296,37,10,15,Electronics,2021-09-06 00:00:00,0
250,69,Female,Urban,66598,26,858,33,7,12,Electronics,2021-09-07 00:00:00,0
251,51,Male,Rural,71814,29,638,22,9,24,Electronics,2021-09-08 00:00:00,1
252,23,Other,Urban,93278,10,600,60,29,3,Home Goods,2021-09-09 00:00:00,1
253,39,Female,Suburban,85077,17,918,54,18,10,Electronics,2021-09-10 00:00:00,1
254,28,Male,Urban,39528,2,76,38,10,31,Home Goods,2021-09-11 00:00:00,1
255,65,Female,Urban,80100,6,126,21,6,48,Apparel,2021-09-12 00:00:00,1
256,33,Other,Rural,38179,5,290,58,10,6,Home Goods,2021-09-13 00:00:00,1
257,50,Male,Rural,78781,28,700,25,16,45,Apparel,2021-09-14 00:00:00,1
258,26,Female,Suburban,85267,41,2009,49,0,10,Home Goods,2021-09-15 00:00:00,0
259,23,Male,Urban,53952,5,270,54,25,27,Electronics,2021-09-16 00:00:00,0
260,33,Female,Urban,83798,18,756,42,28,40,Home Goods,2021-09-17 00:00:00,1
261,46,Other,Urban,80939,26,1222,47,20,22,Electronics,2021-09-18 00:00:00,0
262,20,Other,Suburban,59516,20,1040,52,20,44,Apparel,2021-09-19 00:00:00,0
263,37,Male,Suburban,86526,41,2337,57,7,22,Home Goods,2021-09-20 00:00:00,1
264,53,Female,Suburban,40449,49,2793,57,22,49,Electronics,2021-09-21 00:00:00,0
265,36,Male,Suburban,80290,27,486,18,23,27,Apparel,2021-09-22 00:00:00,0
266,43,Male,Suburban,52746,49,2842,58,5,42,Apparel,2021-09-23 00:00:00,1
267,20,Female,Rural,97990,12,312,26,21,46,Home Goods,2021-09-24 00:00:00,0
268,36,Female,Urban,88810,7,245,35,17,25,Apparel,2021-09-25 00:00:00,1
269,37,Female,Urban,45223,3,159,53,5,24,Electronics,2021-09-26 00:00:00,1
270,49,Other,Urban,32597,10,550,55,4,28,Apparel,2021-09-27 00:00:00,0
271,24,Male,Urban,95677,34,1632,48,12,18,Apparel,2021-09-28 00:00:00,0
272,69,Male,Urban,32659,25,1425,57,18,32,Electronics,2021-09-29 00:00:00,0
273,58,Other,Urban,45037,35,1610,46,21,35,Apparel,2021-09-30 00:00:00,1
274,50,Female,Urban,76738,16,400,25,7,13,Apparel,2021-10-01 00:00:00,1
275,57,Other,Urban,42109,2,90,45,8,13,Apparel,2021-10-02 00:00:00,1
276,56,Other,Rural,52010,24,792,33,16,34,Apparel,2021-10-03 00:00:00,0
277,35,Other,Urban,38787,10,300,30,2,29,Electronics,2021-10-04 00:00:00,0
278,57,Male,Rural,38472,38,1748,46,18,27,Apparel,2021-10-05 00:00:00,1
279,18,Other,Suburban,53383,22,902,41,10,16,Electronics,2021-10-06 00:00:00,0
280,28,Male,Urban,91709,26,1222,47,23,2,Apparel,2021-10-07 00:00:00,0
281,45,Male,Suburban,99785,43,2365,55,16,15,Apparel,2021-10-08 00:00:00,1
282,42,Male,Suburban,64518,39,741,19,20,45,Apparel,2021-10-09 00:00:00,1
283,67,Female,Suburban,83909,27,783,29,18,29,Apparel,2021-10-10 00:00:00,0
284,40,Male,Rural,48351,29,1711,59,1,28,Electronics,2021-10-11 00:00:00,1
285,48,Male,Suburban,99624,47,2256,48,7,44,Electronics,2021-10-12 00:00:00,0
286,47,Female,Suburban,83330,38,2128,56,18,14,Electronics,2021-10-13 00:00:00,1
287,59,Male,Suburban,45282,20,380,19,6,45,Home Goods,2021-10-14 00:00:00,1
288,52,Other,Urban,51778,27,1377,51,27,24,Apparel,2021-10-15 00:00:00,1
289,24,Other,Urban,54264,41,1804,44,26,37,Apparel,2021-10-16 00:00:00,0
290,33,Male,Rural,89675,20,480,24,16,41,Electronics,2021-10-17 00:00:00,0
291,43,Female,Rural,35075,44,2640,60,5,46,Home Goods,2021-10-18 00:00:00,1
292,65,Other,Urban,78454,19,399,21,18,37,Apparel,2021-10-19 00:00:00,1
293,69,Female,Rural,58365,20,840,42,23,22,Electronics,2021-10-20 00:00:00,1
294,66,Female,Urban,78200,35,1610,46,5,24,Apparel,2021-10-21 00:00:00,0
295,19,Other,Suburban,41002,47,1504,32,27,41,Apparel,2021-10-22 00:00:00,1
296,18,Female,Suburban,43947,2,32,16,1,6,Electronics,2021-10-23 00:00:00,1
297,65,Other,Rural,82142,30,1170,39,5,21,Electronics,2021-10-24 00:00:00,1
298,29,Female,Urban,86307,34,714,21,22,16,Apparel,2021-10-25 00:00:00,1
299,22,Other,Urban,34493,22,506,23,4,17,Apparel,2021-10-26 00:00:00,0
300,54,Male,Rural,80085,3,144,48,18,48,Electronics,2021-10-27 00:00:00,0
301,49,Other,Urban,64228,6,246,41,19,40,Apparel,2021-10-28 00:00:00,1
302,26,Other,Suburban,81875,15,645,43,3,9,Apparel,2021-10-29 00:00:00,0
303,58,Other,Rural,61655,27,756,28,21,9,Electronics,2021-10-30 00:00:00,0
304,52,Other,Rural,73472,10,500,50,25,6,Apparel,2021-10-31 00:00:00,0
305,36,Female,Urban,79437,9,513,57,16,47,Apparel,2021-11-01 00:00:00,1
306,65,Male,Rural,79416,33,1023,31,10,49,Home Goods,2021-11-02 00:00:00,0
307,33,Other,Urban,89711,32,512,16,3,37,Electronics,2021-11-03 00:00:00,0
308,20,Female,Urban,36816,48,1584,33,25,26,Home Goods,2021-11-04 00:00:00,0
309,37,Male,Urban,94307,6,348,58,12,32,Home Goods,2021-11-05 00:00:00,1
310,41,Male,Urban,76733,41,2009,49,19,0,Home Goods,2021-11-06 00:00:00,1
311,50,Male,Urban,41240,36,1080,30,25,43,Apparel,2021-11-07 00:00:00,0
312,41,Male,Rural,62762,2,34,17,16,33,Apparel,2021-11-08 00:00:00,0
313,69,Other,Suburban,38259,29,667,23,8,3,Home Goods,2021-11-09 00:00:00,1
314,28,Other,Suburban,80139,4,216,54,3,16,Home Goods,2021-11-10 00:00:00,1
315,66,Female,Rural,44849,1,60,60,22,3,Home Goods,2021-11-11 00:00:00,0
316,25,Female,Rural,84869,19,418,22,27,42,Apparel,2021-11-12 00:00:00,0
317,53,Female,Suburban,93095,26,936,36,13,25,Home Goods,2021-11-13 00:00:00,1
318,55,Male,Suburban,53567,25,1075,43,18,3,Home Goods,2021-11-14 00:00:00,1
319,57,Male,Suburban,65292,10,520,52,25,0,Electronics,2021-11-15 00:00:00,0
320,37,Other,Suburban,81631,15,885,59,27,6,Electronics,2021-11-16 00:00:00,1
321,52,Male,Suburban,39885,22,836,38,2,29,Apparel,2021-11-17 00:00:00,0
322,65,Male,Urban,89659,48,2544,53,13,49,Electronics,2021-11-18 00:00:00,0
323,42,Male,Rural,84306,21,609,29,7,8,Electronics,2021-11-19 00:00:00,0
324,52,Female,Urban,96314,22,1122,51,23,34,Electronics,2021-11-20 00:00:00,1
325,42,Female,Suburban,95087,36,1044,29,26,7,Apparel,2021-11-21 00:00:00,0
326,46,Other,Suburban,59165,34,816,24,27,23,Electronics,2021-11-22 00:00:00,0
327,35,Male,Suburban,88929,30,960,32,0,18,Apparel,2021-11-23 00:00:00,1
328,63,Male,Urban,97028,25,950,38,9,35,Home Goods,2021-11-24 00:00:00,1
329,35,Other,Urban,79812,45,2700,60,17,49,Electronics,2021-11-25 00:00:00,0
330,19,Male,Suburban,80500,28,924,33,15,42,Apparel,2021-11-26 00:00:00,0
331,52,Male,Urban,88643,1,43,43,7,26,Electronics,2021-11-27 00:00:00,1
332,33,Female,Urban,74900,49,1960,40,0,31,Home Goods,2021-11-28 00:00:00,1
333,58,Other,Suburban,72946,45,2565,57,11,13,Apparel,2021-11-29 00:00:00,1
334,53,Other,Urban,37851,4,216,54,7,17,Apparel,2021-11-30 00:00:00,0
335,50,Other,Rural,46288,7,154,22,23,27,Apparel,2021-12-01 00:00:00,0
336,21,Other,Rural,97580,49,931,19,15,28,Home Goods,2021-12-02 00:00:00,0
337,50,Female,Rural,37368,9,234,26,17,15,Home Goods,2021-12-03 00:00:00,1
338,31,Female,Rural,76403,36,720,20,3,34,Home Goods,2021-12-04 00:00:00,0
339,38,Male,Suburban,39168,19,513,27,5,46,Apparel,2021-12-05 00:00:00,1
340,65,Male,Suburban,79879,1,23,23,11,30,Home Goods,2021-12-06 00:00:00,0
341,37,Male,Suburban,89871,10,310,31,26,3,Electronics,2021-12-07 00:00:00,1
342,25,Male,Rural,62174,36,1944,54,8,36,Home Goods,2021-12-08 00:00:00,0
343,24,Female,Rural,36581,9,432,48,14,16,Apparel,2021-12-09 00:00:00,0
344,20,Other,Urban,94046,45,990,22,15,38,Electronics,2021-12-10 00:00:00,1
345,34,Female,Urban,79678,46,2346,51,23,47,Home Goods,2021-12-11 00:00:00,1
346,50,Male,Rural,56649,42,2226,53,11,45,Electronics,2021-12-12 00:00:00,0
347,65,Female,Rural,44567,32,1056,33,23,25,Electronics,2021-12-13 00:00:00,1
348,29,Other,Rural,91944,32,1600,50,22,47,Apparel,2021-12-14 00:00:00,1
349,68,Other,Rural,58803,6,246,41,13,38,Electronics,2021-12-15 00:00:00,0
350,39,Female,Urban,48230,48,2496,52,12,40,Electronics,2021-12-16 00:00:00,1
351,39,Female,Rural,47862,38,798,21,24,3,Apparel,2021-12-17 00:00:00,0
352,63,Female,Urban,73355,17,493,29,1,29,Apparel,2021-12-18 00:00:00,0
353,47,Male,Rural,61259,10,180,18,2,29,Apparel,2021-12-19 00:00:00,1
354,55,Female,Rural,60795,27,1296,48,25,21,Electronics,2021-12-20 00:00:00,1
355,55,Female,Rural,38770,35,770,22,23,10,Electronics,2021-12-21 00:00:00,0
356,62,Female,Urban,41093,21,399,19,29,1,Electronics,2021-12-22 00:00:00,0
357,68,Other,Urban,76571,25,1350,54,21,43,Apparel,2021-12-23 00:00:00,0
358,25,Other,Suburban,30193,28,1092,39,9,11,Home Goods,2021-12-24 00:00:00,0
359,44,Male,Rural,47569,47,1786,38,8,29,Electronics,2021-12-25 00:00:00,0
360,44,Male,Suburban,41190,15,585,39,25,35,Home Goods,2021-12-26 00:00:00,0
361,51,Other,Suburban,92824,4,224,56,19,17,Apparel,2021-12-27 00:00:00,1
362,38,Other,Urban,72752,29,1392,48,7,25,Electronics,2021-12-28 00:00:00,1
363,47,Other,Urban,62327,9,387,43,9,6,Home Goods,2021-12-29 00:00:00,1
364,50,Female,Suburban,72070,27,1026,38,18,0,Electronics,2021-12-30 00:00:00,0
365,45,Female,Rural,70197,26,390,15,2,25,Electronics,2021-12-31 00:00:00,1
366,64,Other,Urban,32261,19,380,20,23,22,Electronics,2022-01-01 00:00:00,0
367,50,Female,Rural,56512,28,812,29,4,25,Home Goods,2022-01-02 00:00:00,0
368,22,Female,Rural,36716,17,561,33,2,44,Apparel,2022-01-03 00:00:00,1
369,65,Male,Suburban,58933,43,946,22,25,5,Electronics,2022-01-04 00:00:00,0
370,36,Other,Suburban,34378,41,1230,30,26,5,Apparel,2022-01-05 00:00:00,0
371,21,Other,Suburban,70583,42,2226,53,15,43,Apparel,2022-01-06 00:00:00,0
372,52,Female,Suburban,59033,20,980,49,16,7,Home Goods,2022-01-07 00:00:00,0
373,66,Other,Urban,54000,45,1800,40,14,23,Home Goods,2022-01-08 00:00:00,0
374,34,Male,Urban,72604,40,1440,36,2,21,Apparel,2022-01-09 00:00:00,0
375,61,Male,Suburban,98336,39,2340,60,11,18,Electronics,2022-01-10 00:00:00,1
376,45,Male,Urban,35410,49,2254,46,8,36,Home Goods,2022-01-11 00:00:00,0
377,47,Other,Suburban,86044,23,851,37,20,17,Electronics,2022-01-12 00:00:00,0
378,46,Other,Rural,93315,47,1880,40,11,30,Electronics,2022-01-13 00:00:00,0
379,63,Other,Rural,36796,32,992,31,25,36,Electronics,2022-01-14 00:00:00,0
380,23,Other,Rural,84245,47,1504,32,14,29,Apparel,2022-01-15 00:00:00,1
381,52,Other,Suburban,73056,33,660,20,1,41,Electronics,2022-01-16 00:00:00,1
382,58,Male,Rural,47709,46,1932,42,22,32,Apparel,2022-01-17 00:00:00,0
383,54,Female,Urban,88557,5,90,18,17,9,Apparel,2022-01-18 00:00:00,0
384,41,Male,Rural,47543,43,1161,27,19,36,Electronics,2022-01-19 00:00:00,0
385,46,Other,Rural,67418,48,2256,47,11,11,Electronics,2022-01-20 00:00:00,1
386,66,Male,Rural,46724,34,816,24,22,29,Electronics,2022-01-21 00:00:00,1
387,63,Other,Urban,33828,40,960,24,3,26,Electronics,2022-01-22 00:00:00,1
388,48,Other,Suburban,47087,11,308,28,22,38,Apparel,2022-01-23 00:00:00,1
389,52,Male,Urban,42605,3,126,42,15,8,Electronics,2022-01-24 00:00:00,0
390,50,Other,Suburban,61337,33,1584,48,22,20,Electronics,2022-01-25 00:00:00,1
391,69,Female,Suburban,35482,11,231,21,15,11,Apparel,2022-01-26 00:00:00,1
392,38,Other,Rural,95333,16,256,16,0,28,Home Goods,2022-01-27 00:00:00,0
393,49,Female,Suburban,80952,18,828,46,21,32,Home Goods,2022-01-28 00:00:00,0
394,40,Female,Urban,35463,30,540,18,24,42,Apparel,2022-01-29 00:00:00,1
395,50,Other,Urban,34648,48,1536,32,1,14,Home Goods,2022-01-30 00:00:00,1
396,20,Male,Suburban,63623,10,440,44,29,1,Apparel,2022-01-31 00:00:00,1
397,35,Female,Rural,89156,18,306,17,2,38,Electronics,2022-02-01 00:00:00,1
398,42,Male,Rural,65634,38,1710,45,25,43,Electronics,2022-02-02 00:00:00,0
399,59,Female,Urban,74602,19,874,46,20,17,Home Goods,2022-02-03 00:00:00,0
400,48,Other,Rural,79334,36,792,22,24,2,Electronics,2022-02-04 00:00:00,1
401,20,Other,Suburban,98648,13,325,25,19,6,Home Goods,2022-02-05 00:00:00,1
402,57,Female,Suburban,52054,46,2622,57,16,42,Home Goods,2022-02-06 00:00:00,1
403,63,Other,Urban,52207,3,123,41,19,17,Electronics,2022-02-07 00:00:00,1
404,41,Female,Suburban,51386,10,420,42,21,43,Electronics,2022-02-08 00:00:00,1
405,67,Other,Urban,89518,38,1900,50,20,37,Home Goods,2022-02-09 00:00:00,0
406,49,Male,Suburban,82781,1,25,25,29,36,Electronics,2022-02-10 00:00:00,0
407,64,Other,Urban,82780,27,486,18,28,32,Apparel,2022-02-11 00:00:00,0
408,39,Male,Rural,91440,46,1610,35,0,43,Electronics,2022-02-12 00:00:00,1
409,40,Other,Suburban,74199,8,248,31,19,30,Electronics,2022-02-13 00:00:00,1
410,19,Male,Suburban,91035,46,1886,41,5,10,Apparel,2022-02-14 00:00:00,0
411,44,Other,Urban,38210,42,2016,48,28,3,Electronics,2022-02-15 00:00:00,0
412,59,Male,Urban,74363,17,833,49,14,17,Electronics,2022-02-16 00:00:00,1
413,19,Female,Suburban,90348,9,306,34,25,3,Home Goods,2022-02-17 00:00:00,0
414,43,Female,Urban,85284,6,120,20,25,48,Electronics,2022-02-18 00:00:00,1
415,34,Male,Suburban,98847,43,1591,37,13,33,Electronics,2022-02-19 00:00:00,1
416,57,Other,Rural,52432,25,1475,59,19,28,Apparel,2022-02-20 00:00:00,0
417,50,Male,Urban,94089,39,1365,35,14,23,Home Goods,2022-02-21 00:00:00,0
418,26,Other,Suburban,85398,49,1274,26,13,21,Home Goods,2022-02-22 00:00:00,0
419,60,Female,Rural,33321,28,1652,59,24,1,Home Goods,2022-02-23 00:00:00,1
420,65,Other,Rural,67383,33,1650,50,20,43,Electronics,2022-02-24 00:00:00,1
421,56,Female,Suburban,82893,37,1369,37,23,5,Home Goods,2022-02-25 00:00:00,0
422,46,Other,Urban,65820,9,459,51,24,41,Apparel,2022-02-26 00:00:00,1
423,59,Other,Suburban,96262,18,702,39,25,24,Home Goods,2022-02-27 00:00:00,1
424,43,Other,Rural,33760,21,1176,56,4,20,Apparel,2022-02-28 00:00:00,1
425,52,Male,Suburban,52190,2,50,25,5,15,Home Goods,2022-03-01 00:00:00,0
426,67,Male,Urban,97411,43,989,23,16,30,Home Goods,2022-03-02 00:00:00,1
427,42,Female,Rural,53377,38,950,25,10,13,Apparel,2022-03-03 00:00:00,0
428,41,Female,Suburban,76737,40,800,20,15,38,Home Goods,2022-03-04 00:00:00,0
429,30,Male,Urban,99569,36,612,17,11,27,Home Goods,2022-03-05 00:00:00,1
430,24,Female,Rural,68211,43,1462,34,14,31,Home Goods,2022-03-06 00:00:00,0
431,53,Male,Urban,33744,37,1258,34,22,27,Electronics,2022-03-07 00:00:00,1
432,62,Other,Rural,54995,15,555,37,3,48,Apparel,2022-03-08 00:00:00,0
433,37,Female,Suburban,46977,28,1344,48,26,8,Home Goods,2022-03-09 00:00:00,0
434,18,Female,Urban,64542,18,594,33,17,44,Apparel,2022-03-10 00:00:00,1
435,25,Male,Rural,40651,34,1054,31,20,21,Apparel,2022-03-11 00:00:00,0
436,63,Female,Urban,46715,22,836,38,27,31,Apparel,2022-03-12 00:00:00,0
437,33,Female,Urban,74409,11,429,39,2,4,Home Goods,2022-03-13 00:00:00,0
438,31,Other,Suburban,54306,13,312,24,21,22,Home Goods,2022-03-14 00:00:00,1
439,29,Female,Urban,49086,4,164,41,7,4,Apparel,2022-03-15 00:00:00,1
440,68,Other,Rural,44376,22,1144,52,22,41,Electronics,2022-03-16 00:00:00,0
441,40,Male,Rural,91350,7,315,45,2,31,Apparel,2022-03-17 00:00:00,0
442,32,Female,Rural,66636,43,1634,38,7,9,Electronics,2022-03-18 00:00:00,0
443,45,Other,Rural,81649,24,696,29,17,38,Apparel,2022-03-19 00:00:00,1
444,51,Male,Suburban,64610,4,204,51,9,14,Apparel,2022-03-20 00:00:00,1
445,19,Female,Urban,40058,28,1148,41,24,6,Apparel,2022-03-21 00:00:00,0
446,49,Male,Suburban,94200,15,765,51,19,28,Home Goods,2022-03-22 00:00:00,1
447,40,Female,Urban,76619,1,37,37,16,46,Electronics,2022-03-23 00:00:00,1
448,39,Male,Urban,47154,3,51,17,7,2,Electronics,2022-03-24 00:00:00,1
449,68,Male,Urban,49539,14,798,57,22,18,Apparel,2022-03-25 00:00:00,1
450,42,Other,Suburban,90058,38,1026,27,10,9,Home Goods,2022-03-26 00:00:00,0
451,39,Male,Urban,92068,1,16,16,28,27,Home Goods,2022-03-27 00:00:00,1
452,39,Female,Suburban,60373,38,798,21,4,28,Electronics,2022-03-28 00:00:00,1
453,66,Female,Rural,63154,38,1634,43,25,14,Home Goods,2022-03-29 00:00:00,0
454,69,Other,Rural,36031,21,924,44,12,34,Electronics,2022-03-30 00:00:00,0
455,59,Female,Urban,52785,48,2304,48,20,5,Electronics,2022-03-31 00:00:00,1
456,23,Female,Suburban,58669,29,1421,49,22,11,Electronics,2022-04-01 00:00:00,1
457,32,Female,Rural,32282,5,135,27,4,46,Home Goods,2022-04-02 00:00:00,0
458,60,Male,Suburban,64624,49,1617,33,23,37,Electronics,2022-04-03 00:00:00,0
459,54,Male,Suburban,78438,10,430,43,26,12,Electronics,2022-04-04 00:00:00,0
460,50,Female,Urban,97534,28,896,32,12,28,Apparel,2022-04-05 00:00:00,1
461,25,Other,Rural,61705,21,714,34,5,18,Electronics,2022-04-06 00:00:00,1
462,61,Male,Urban,68244,7,189,27,28,2,Electronics,2022-04-07 00:00:00,0
463,61,Other,Urban,67437,3,159,53,4,7,Apparel,2022-04-08 00:00:00,1
464,22,Female,Rural,80583,45,2520,56,8,7,Apparel,2022-04-09 00:00:00,0
465,56,Female,Rural,68392,47,2303,49,26,19,Home Goods,2022-04-10 00:00:00,1
466,21,Male,Suburban,37461,20,340,17,15,46,Electronics,2022-04-11 00:00:00,0
467,23,Female,Rural,40516,19,589,31,1,3,Home Goods,2022-04-12 00:00:00,0
468,62,Male,Suburban,47514,35,1645,47,0,20,Home Goods,2022-04-13 00:00:00,1
469,49,Female,Suburban,66268,4,104,26,7,2,Apparel,2022-04-14 00:00:00,1
470,69,Female,Suburban,66788,5,110,22,27,44,Home Goods,2022-04-15 00:00:00,1
471,47,Male,Rural,91049,1,16,16,18,7,Electronics,2022-04-16 00:00:00,1
472,64,Male,Urban,92493,4,136,34,29,22,Apparel,2022-04-17 00:00:00,1
473,52,Male,Suburban,66027,12,564,47,10,15,Electronics,2022-04-18 00:00:00,1
474,57,Female,Urban,72849,27,1323,49,27,12,Electronics,2022-04-19 00:00:00,0
475,69,Female,Urban,47858,42,1218,29,11,2,Apparel,2022-04-20 00:00:00,1
476,33,Other,Rural,82395,23,1150,50,11,47,Electronics,2022-04-21 00:00:00,0
477,30,Male,Urban,69758,25,575,23,6,8,Apparel,2022-04-22 00:00:00,0
478,67,Female,Urban,84312,21,882,42,25,13,Electronics,2022-04-23 00:00:00,1
479,59,Female,Rural,98670,24,480,20,12,12,Apparel,2022-04-24 00:00:00,0
480,47,Male,Suburban,45434,25,875,35,26,6,Home Goods,2022-04-25 00:00:00,0
481,36,Other,Urban,94047,45,2340,52,7,14,Electronics,2022-04-26 00:00:00,1
482,34,Male,Rural,77775,46,2254,49,28,6,Apparel,2022-04-27 00:00:00,1
483,36,Other,Urban,96677,32,1632,51,28,37,Electronics,2022-04-28 00:00:00,1
484,45,Female,Urban,75734,32,1408,44,21,33,Electronics,2022-04-29 00:00:00,0
485,43,Other,Suburban,70603,5,240,48,27,40,Electronics,2022-04-30 00:00:00,1
486,54,Female,Urban,98803,36,2124,59,25,21,Apparel,2022-05-01 00:00:00,1
487,43,Male,Rural,69332,46,2162,47,29,23,Home Goods,2022-05-02 00:00:00,1
488,40,Male,Urban,51312,42,1932,46,8,48,Home Goods,2022-05-03 00:00:00,1
489,26,Male,Suburban,74179,49,2891,59,6,36,Home Goods,2022-05-04 00:00:00,0
490,29,Other,Suburban,70379,42,1974,47,25,43,Apparel,2022-05-05 00:00:00,1
491,18,Female,Rural,47297,39,1638,42,20,0,Home Goods,2022-05-06 00:00:00,0
492,18,Male,Suburban,32011,16,656,41,23,9,Apparel,2022-05-07 00:00:00,1
493,64,Male,Urban,74014,33,825,25,14,42,Electronics,2022-05-08 00:00:00,0
494,51,Female,Suburban,41738,49,1372,28,1,15,Electronics,2022-05-09 00:00:00,0
495,49,Male,Rural,77498,21,1029,49,22,45,Home Goods,2022-05-10 00:00:00,0
496,65,Female,Suburban,41120,9,198,22,19,7,Apparel,2022-05-11 00:00:00,1
497,42,Female,Suburban,38767,6,234,39,24,48,Electronics,2022-05-12 00:00:00,0
498,57,Female,Suburban,52852,45,2475,55,11,24,Apparel,2022-05-13 00:00:00,1
499,62,Female,Rural,30929,35,1225,35,0,49,Apparel,2022-05-14 00:00:00,1
500,18,Female,Suburban,47438,39,1560,40,22,11,Electronics,2022-05-15 00:00:00,1
501,33,Other,Suburban,78515,22,946,43,21,24,Apparel,2022-05-16 00:00:00,1
502,56,Male,Urban,35744,41,2378,58,7,16,Electronics,2022-05-17 00:00:00,1
503,22,Other,Rural,72417,5,225,45,4,25,Electronics,2022-05-18 00:00:00,0
504,39,Male,Suburban,37069,42,2310,55,14,45,Electronics,2022-05-19 00:00:00,1
505,46,Other,Rural,72359,23,1334,58,0,47,Apparel,2022-05-20 00:00:00,0
506,20,Female,Suburban,49799,17,680,40,0,13,Electronics,2022-05-21 00:00:00,0
507,29,Male,Suburban,37597,12,456,38,24,40,Apparel,2022-05-22 00:00:00,0
508,43,Male,Suburban,77093,23,782,34,9,35,Electronics,2022-05-23 00:00:00,0
509,33,Other,Urban,67226,16,416,26,21,22,Electronics,2022-05-24 00:00:00,0
510,68,Other,Urban,56417,3,135,45,9,42,Home Goods,2022-05-25 00:00:00,0
511,54,Male,Urban,48693,30,1800,60,20,5,Home Goods,2022-05-26 00:00:00,0
512,39,Other,Rural,83161,22,814,37,14,46,Home Goods,2022-05-27 00:00:00,1
513,46,Other,Rural,32169,9,261,29,16,4,Apparel,2022-05-28 00:00:00,0
514,31,Other,Urban,52052,29,1276,44,21,42,Apparel,2022-05-29 00:00:00,1
515,45,Female,Rural,38036,47,2491,53,5,24,Electronics,2022-05-30 00:00:00,0
516,22,Female,Suburban,61778,37,999,27,2,17,Electronics,2022-05-31 00:00:00,0
517,64,Other,Suburban,57734,23,1127,49,12,12,Electronics,2022-06-01 00:00:00,0
518,66,Other,Suburban,53173,13,546,42,15,42,Electronics,2022-06-02 00:00:00,0
519,47,Female,Urban,60403,32,1056,33,7,13,Apparel,2022-06-03 00:00:00,1
520,63,Female,Rural,96321,46,1288,28,29,27,Electronics,2022-06-04 00:00:00,1
521,69,Male,Urban,36344,47,2538,54,14,17,Electronics,2022-06-05 00:00:00,1
522,22,Male,Rural,48800,48,2016,42,16,27,Home Goods,2022-06-06 00:00:00,0
523,29,Female,Suburban,55372,23,414,18,16,26,Electronics,2022-06-07 00:00:00,0
524,33,Other,Urban,91516,45,1845,41,21,31,Electronics,2022-06-08 00:00:00,0
525,43,Other,Rural,50538,17,544,32,25,46,Electronics,2022-06-09 00:00:00,1
526,43,Other,Rural,93918,40,1320,33,12,8,Apparel,2022-06-10 00:00:00,0
527,65,Other,Suburban,44973,21,441,21,16,39,Home Goods,2022-06-11 00:00:00,1
528,38,Male,Urban,89500,2,90,45,5,31,Electronics,2022-06-12 00:00:00,1
529,56,Female,Urban,66575,37,814,22,16,19,Electronics,2022-06-13 00:00:00,0
530,53,Other,Urban,72261,6,330,55,15,27,Home Goods,2022-06-14 00:00:00,0
531,50,Male,Suburban,57716,44,924,21,13,32,Electronics,2022-06-15 00:00:00,1
532,47,Other,Urban,33236,18,1044,58,12,3,Apparel,2022-06-16 00:00:00,1
533,54,Female,Suburban,45848,30,1080,36,5,45,Electronics,2022-06-17 00:00:00,1
534,40,Male,Suburban,32352,22,1232,56,2,33,Apparel,2022-06-18 00:00:00,0
535,27,Female,Suburban,31932,33,1419,43,13,47,Apparel,2022-06-19 00:00:00,0
536,22,Female,Rural,38556,30,1020,34,13,2,Electronics,2022-06-20 00:00:00,0
537,53,Male,Urban,35498,17,272,16,14,25,Home Goods,2022-06-21 00:00:00,0
538,51,Male,Urban,80098,43,1161,27,7,7,Apparel,2022-06-22 00:00:00,0
539,69,Male,Suburban,94386,32,1728,54,28,5,Home Goods,2022-06-23 00:00:00,0
540,48,Male,Suburban,39569,42,1134,27,14,15,Electronics,2022-06-24 00:00:00,1
541,27,Male,Urban,86882,14,518,37,21,23,Apparel,2022-06-25 00:00:00,1
542,36,Male,Suburban,30340,10,330,33,28,47,Electronics,2022-06-26 00:00:00,1
543,49,Male,Urban,73949,47,2491,53,26,38,Home Goods,2022-06-27 00:00:00,0
544,18,Other,Rural,92443,36,1152,32,12,29,Electronics,2022-06-28 00:00:00,1
545,22,Female,Suburban,30138,34,612,18,16,44,Electronics,2022-06-29 00:00:00,0
546,62,Male,Urban,30358,9,315,35,20,12,Apparel,2022-06-30 00:00:00,0
547,21,Other,Suburban,60654,42,1764,42,23,4,Electronics,2022-07-01 00:00:00,1
548,33,Other,Urban,55879,28,1400,50,2,24,Electronics,2022-07-02 00:00:00,0
549,41,Other,Urban,85778,11,374,34,27,19,Electronics,2022-07-03 00:00:00,1
550,33,Female,Suburban,67772,14,518,37,5,17,Apparel,2022-07-04 00:00:00,1
551,19,Male,Rural,88478,39,975,25,4,46,Home Goods,2022-07-05 00:00:00,0
552,66,Other,Urban,94353,47,1457,31,21,17,Home Goods,2022-07-06 00:00:00,1
553,45,Female,Urban,56762,19,684,36,25,1,Electronics,2022-07-07 00:00:00,1
554,49,Female,Urban,43283,15,810,54,16,9,Apparel,2022-07-08 00:00:00,1
555,44,Female,Rural,93922,28,1372,49,22,44,Electronics,2022-07-09 00:00:00,1
556,37,Other,Rural,69420,24,768,32,24,49,Home Goods,2022-07-10 00:00:00,0
557,41,Male,Suburban,85568,8,192,24,1,46,Apparel,2022-07-11 00:00:00,1
558,29,Other,Rural,50219,43,1935,45,25,11,Home Goods,2022-07-12 00:00:00,1
559,67,Other,Suburban,87169,9,504,56,14,46,Home Goods,2022-07-13 00:00:00,1
560,52,Male,Suburban,76840,47,1880,40,4,12,Apparel,2022-07-14 00:00:00,0
561,50,Male,Rural,74695,33,1683,51,25,49,Apparel,2022-07-15 00:00:00,1
562,50,Male,Suburban,88342,33,1650,50,19,46,Electronics,2022-07-16 00:00:00,0
563,68,Female,Rural,48951,19,1026,54,5,10,Electronics,2022-07-17 00:00:00,1
564,60,Male,Suburban,31307,3,120,40,5,18,Home Goods,2022-07-18 00:00:00,1
565,54,Other,Rural,65428,10,480,48,26,34,Apparel,2022-07-19 00:00:00,1
566,29,Male,Rural,68975,40,680,17,17,38,Apparel,2022-07-20 00:00:00,0
567,20,Other,Suburban,31140,47,2773,59,17,25,Electronics,2022-07-21 00:00:00,0
568,18,Female,Urban,54842,42,798,19,3,45,Home Goods,2022-07-22 00:00:00,0
569,50,Other,Suburban,56421,1,23,23,16,13,Home Goods,2022-07-23 00:00:00,0
570,57,Other,Rural,31708,29,1073,37,24,44,Electronics,2022-07-24 00:00:00,0
571,27,Male,Urban,33630,34,1904,56,13,43,Apparel,2022-07-25 00:00:00,0
572,60,Male,Suburban,49595,13,312,24,13,23,Electronics,2022-07-26 00:00:00,1
573,61,Other,Suburban,58308,1,46,46,12,40,Electronics,2022-07-27 00:00:00,0
574,46,Male,Suburban,74789,34,1802,53,6,0,Electronics,2022-07-28 00:00:00,1
575,30,Female,Urban,85690,29,841,29,11,42,Electronics,2022-07-29 00:00:00,0
576,29,Female,Rural,56086,48,2352,49,22,21,Apparel,2022-07-30 00:00:00,0
577,48,Male,Suburban,46859,47,2303,49,14,22,Electronics,2022-07-31 00:00:00,0
578,63,Female,Suburban,37684,13,546,42,18,18,Apparel,2022-08-01 00:00:00,1
579,19,Male,Suburban,31207,48,2352,49,10,17,Electronics,2022-08-02 00:00:00,0
580,68,Other,Suburban,76099,49,2646,54,14,11,Home Goods,2022-08-03 00:00:00,0
581,67,Other,Suburban,97496,29,899,31,11,27,Apparel,2022-08-04 00:00:00,1
582,52,Female,Rural,96093,39,1482,38,2,27,Home Goods,2022-08-05 00:00:00,1
583,40,Male,Rural,59689,24,648,27,16,32,Electronics,2022-08-06 00:00:00,1
584,34,Male,Suburban,78651,26,520,20,2,18,Electronics,2022-08-07 00:00:00,1
585,43,Female,Urban,43893,17,357,21,18,27,Electronics,2022-08-08 00:00:00,0
586,25,Other,Rural,96418,7,280,40,19,48,Apparel,2022-08-09 00:00:00,1
587,46,Female,Urban,90011,13,559,43,3,36,Home Goods,2022-08-10 00:00:00,0
588,43,Other,Rural,68635,5,245,49,2,25,Apparel,2022-08-11 00:00:00,0
589,27,Male,Suburban,86115,26,598,23,25,34,Apparel,2022-08-12 00:00:00,1
590,43,Other,Rural,88954,49,1421,29,15,33,Electronics,2022-08-13 00:00:00,0
591,51,Female,Suburban,58064,3,147,49,11,34,Home Goods,2022-08-14 00:00:00,1
592,68,Male,Rural,32454,7,287,41,7,39,Electronics,2022-08-15 00:00:00,0
593,58,Female,Suburban,50878,49,2499,51,23,15,Apparel,2022-08-16 00:00:00,1
594,24,Female,Suburban,81098,39,1326,34,28,37,Electronics,2022-08-17 00:00:00,1
595,21,Other,Suburban,92154,1,18,18,28,12,Home Goods,2022-08-18 00:00:00,1
596,67,Female,Suburban,42991,49,1617,33,16,22,Electronics,2022-08-19 00:00:00,1
597,62,Other,Urban,98344,17,867,51,6,21,Home Goods,2022-08-20 00:00:00,1
598,28,Male,Suburban,66593,43,1290,30,10,15,Home Goods,2022-08-21 00:00:00,1
599,46,Other,Urban,66304,25,1300,52,17,27,Electronics,2022-08-22 00:00:00,0
600,53,Male,Urban,60386,3,81,27,0,47,Apparel,2022-08-23 00:00:00,0
601,42,Other,Suburban,85220,15,765,51,2,34,Electronics,2022-08-24 00:00:00,0
602,38,Female,Urban,99338,29,638,22,3,44,Apparel,2022-08-25 00:00:00,1
603,53,Other,Rural,51083,43,1419,33,12,45,Apparel,2022-08-26 00:00:00,0
604,27,Other,Suburban,48354,32,1568,49,5,7,Electronics,2022-08-27 00:00:00,1
605,54,Male,Urban,52190,26,858,33,25,43,Apparel,2022-08-28 00:00:00,0
606,26,Female,Suburban,36142,16,608,38,13,21,Apparel,2022-08-29 00:00:00,0
607,41,Other,Suburban,58398,25,1000,40,4,20,Electronics,2022-08-30 00:00:00,1
608,52,Female,Suburban,81971,28,784,28,15,25,Electronics,2022-08-31 00:00:00,0
609,66,Other,Urban,71862,9,153,17,14,39,Electronics,2022-09-01 00:00:00,0
610,52,Other,Rural,83410,1,49,49,14,20,Apparel,2022-09-02 00:00:00,0
611,65,Female,Rural,49503,29,725,25,29,24,Home Goods,2022-09-03 00:00:00,1
612,53,Other,Urban,78456,22,418,19,3,40,Apparel,2022-09-04 00:00:00,0
613,35,Female,Suburban,38016,16,784,49,7,0,Home Goods,2022-09-05 00:00:00,1
614,66,Other,Urban,32384,41,1148,28,26,5,Electronics,2022-09-06 00:00:00,0
615,56,Male,Urban,92320,44,1540,35,15,22,Home Goods,2022-09-07 00:00:00,0
616,49,Female,Urban,45072,41,2091,51,27,22,Electronics,2022-09-08 00:00:00,0
617,41,Other,Suburban,70510,7,350,50,15,42,Electronics,2022-09-09 00:00:00,0
618,40,Other,Urban,78933,14,476,34,29,42,Home Goods,2022-09-10 00:00:00,1
619,49,Male,Suburban,51826,29,841,29,3,22,Electronics,2022-09-11 00:00:00,0
620,54,Female,Urban,98026,19,684,36,12,31,Home Goods,2022-09-12 00:00:00,1
621,29,Other,Rural,55518,19,817,43,25,29,Electronics,2022-09-13 00:00:00,1
622,66,Male,Urban,54045,2,74,37,27,12,Apparel,2022-09-14 00:00:00,0
623,30,Other,Urban,80876,41,1927,47,12,42,Apparel,2022-09-15 00:00:00,0
624,40,Female,Rural,81919,45,2700,60,1,17,Electronics,2022-09-16 00:00:00,1
625,42,Other,Suburban,57103,15,750,50,2,22,Electronics,2022-09-17 00:00:00,1
626,52,Other,Suburban,66188,3,60,20,21,14,Home Goods,2022-09-18 00:00:00,0
627,58,Other,Urban,35845,11,242,22,7,32,Apparel,2022-09-19 00:00:00,0
628,47,Other,Rural,66674,46,1748,38,23,20,Home Goods,2022-09-20 00:00:00,0
629,34,Male,Suburban,49337,30,1230,41,14,38,Electronics,2022-09-21 00:00:00,0
630,66,Male,Urban,52313,40,1920,48,10,22,Electronics,2022-09-22 00:00:00,0
631,37,Female,Rural,56943,18,594,33,8,26,Home Goods,2022-09-23 00:00:00,1
632,65,Male,Suburban,30276,48,2880,60,6,44,Electronics,2022-09-24 00:00:00,0
633,42,Male,Suburban,81151,2,114,57,12,43,Apparel,2022-09-25 00:00:00,0
634,39,Female,Rural,47611,32,1664,52,1,17,Home Goods,2022-09-26 00:00:00,1
635,30,Male,Rural,41944,8,264,33,7,23,Apparel,2022-09-27 00:00:00,0
636,36,Male,Rural,82887,22,550,25,6,46,Apparel,2022-09-28 00:00:00,0
637,66,Female,Rural,79847,6,324,54,23,39,Apparel,2022-09-29 00:00:00,1
638,53,Female,Urban,88653,12,576,48,11,41,Home Goods,2022-09-30 00:00:00,0
639,29,Female,Rural,86622,47,752,16,18,6,Electronics,2022-10-01 00:00:00,1
640,58,Other,Suburban,57810,40,960,24,6,49,Apparel,2022-10-02 00:00:00,0
641,36,Other,Suburban,40503,36,1188,33,9,47,Apparel,2022-10-03 00:00:00,0
642,29,Female,Urban,66976,15,375,25,28,19,Apparel,2022-10-04 00:00:00,0
643,26,Female,Suburban,41590,28,1204,43,24,26,Electronics,2022-10-05 00:00:00,1
644,24,Female,Suburban,40886,49,784,16,15,5,Electronics,2022-10-06 00:00:00,1
645,45,Other,Rural,42866,45,2070,46,2,26,Home Goods,2022-10-07 00:00:00,1
646,31,Other,Suburban,96624,18,1080,60,29,8,Electronics,2022-10-08 00:00:00,1
647,48,Male,Urban,98899,2,44,22,9,44,Home Goods,2022-10-09 00:00:00,0
648,69,Male,Rural,62792,13,637,49,5,30,Home Goods,2022-10-10 00:00:00,1
649,36,Female,Rural,39764,45,1710,38,17,20,Home Goods,2022-10-11 00:00:00,1
650,64,Other,Urban,72727,15,525,35,17,25,Home Goods,2022-10-12 00:00:00,1
651,33,Other,Rural,38068,20,1040,52,4,39,Home Goods,2022-10-13 00:00:00,0
652,22,Other,Rural,37295,29,1015,35,20,47,Apparel,2022-10-14 00:00:00,0
653,52,Female,Urban,71160,42,966,23,28,44,Electronics,2022-10-15 00:00:00,1
654,29,Male,Rural,41390,29,1537,53,6,12,Apparel,2022-10-16 00:00:00,1
655,42,Female,Urban,50131,3,93,31,27,48,Home Goods,2022-10-17 00:00:00,0
656,69,Male,Urban,45038,19,589,31,1,22,Electronics,2022-10-18 00:00:00,1
657,38,Male,Suburban,82327,3,123,41,10,19,Apparel,2022-10-19 00:00:00,1
658,53,Female,Suburban,51281,14,756,54,29,36,Apparel,2022-10-20 00:00:00,1
659,40,Male,Rural,84189,40,960,24,12,27,Home Goods,2022-10-21 00:00:00,1
660,33,Male,Rural,78511,4,196,49,22,16,Apparel,2022-10-22 00:00:00,0
661,56,Other,Urban,38605,11,407,37,4,27,Apparel,2022-10-23 00:00:00,0
662,62,Male,Rural,31381,31,744,24,29,40,Apparel,2022-10-24 00:00:00,0
663,59,Female,Urban,96634,43,2580,60,5,1,Apparel,2022-10-25 00:00:00,1
664,56,Female,Urban,49810,32,544,17,23,24,Apparel,2022-10-26 00:00:00,1
665,31,Male,Rural,54322,27,891,33,25,49,Home Goods,2022-10-27 00:00:00,0
666,48,Other,Urban,71869,30,1350,45,28,40,Home Goods,2022-10-28 00:00:00,0
667,22,Other,Suburban,62955,43,2107,49,13,5,Apparel,2022-10-29 00:00:00,0
668,52,Male,Rural,91388,2,30,15,11,10,Home Goods,2022-10-30 00:00:00,1
669,40,Male,Suburban,40207,49,1764,36,3,37,Home Goods,2022-10-31 00:00:00,0
670,46,Female,Rural,97628,9,198,22,28,5,Electronics,2022-11-01 00:00:00,1
671,60,Male,Urban,58220,28,616,22,22,44,Apparel,2022-11-02 00:00:00,1
672,28,Other,Rural,52031,31,868,28,5,10,Home Goods,2022-11-03 00:00:00,0
673,35,Male,Suburban,89766,34,1292,38,9,13,Home Goods,2022-11-04 00:00:00,0
674,64,Female,Urban,42449,15,750,50,17,1,Apparel,2022-11-05 00:00:00,1
675,29,Female,Rural,86699,48,2784,58,14,39,Electronics,2022-11-06 00:00:00,0
676,26,Female,Rural,76092,25,1375,55,7,2,Apparel,2022-11-07 00:00:00,0
677,27,Female,Rural,93671,36,1944,54,25,34,Electronics,2022-11-08 00:00:00,1
678,61,Female,Suburban,40350,8,384,48,8,32,Apparel,2022-11-09 00:00:00,1
679,34,Male,Suburban,98487,9,360,40,4,23,Apparel,2022-11-10 00:00:00,1
680,55,Male,Rural,47622,37,2035,55,9,18,Apparel,2022-11-11 00:00:00,1
681,24,Male,Urban,83117,48,2784,58,19,17,Apparel,2022-11-12 00:00:00,1
682,63,Male,Urban,88394,45,1665,37,5,48,Electronics,2022-11-13 00:00:00,0
683,30,Female,Suburban,53782,39,1170,30,15,23,Electronics,2022-11-14 00:00:00,1
684,57,Other,Urban,58454,32,1728,54,23,44,Home Goods,2022-11-15 00:00:00,1
685,59,Male,Suburban,97904,17,1003,59,26,34,Apparel,2022-11-16 00:00:00,1
686,26,Other,Rural,45592,35,1645,47,2,0,Electronics,2022-11-17 00:00:00,0
687,67,Male,Suburban,52173,37,1147,31,9,35,Electronics,2022-11-18 00:00:00,1
688,44,Male,Suburban,63204,19,551,29,10,24,Electronics,2022-11-19 00:00:00,1
689,19,Other,Rural,65596,44,1012,23,10,44,Apparel,2022-11-20 00:00:00,1
690,22,Female,Urban,64324,29,957,33,16,48,Home Goods,2022-11-21 00:00:00,0
691,46,Male,Suburban,91202,7,308,44,3,42,Electronics,2022-11-22 00:00:00,1
692,54,Male,Suburban,60750,28,1064,38,3,33,Apparel,2022-11-23 00:00:00,1
693,55,Male,Rural,46566,9,162,18,16,24,Electronics,2022-11-24 00:00:00,1
694,36,Other,Urban,37190,28,448,16,8,15,Electronics,2022-11-25 00:00:00,0
695,25,Female,Suburban,68333,6,210,35,18,33,Home Goods,2022-11-26 00:00:00,0
696,65,Other,Rural,31589,29,899,31,4,28,Electronics,2022-11-27 00:00:00,0
697,62,Other,Suburban,55235,17,680,40,21,18,Electronics,2022-11-28 00:00:00,0
698,18,Female,Rural,30159,16,464,29,23,22,Apparel,2022-11-29 00:00:00,1
699,39,Other,Urban,42145,23,989,43,5,18,Apparel,2022-11-30 00:00:00,1
700,69,Female,Urban,61921,31,1302,42,2,24,Home Goods,2022-12-01 00:00:00,0
701,34,Male,Urban,46237,3,168,56,21,15,Apparel,2022-12-02 00:00:00,0
702,24,Female,Urban,38244,21,1197,57,0,8,Apparel,2022-12-03 00:00:00,1
703,42,Male,Suburban,44743,26,1404,54,19,0,Home Goods,2022-12-04 00:00:00,1
704,62,Other,Suburban,76101,36,1836,51,21,41,Electronics,2022-12-05 00:00:00,0
705,21,Other,Urban,86378,42,2394,57,15,18,Home Goods,2022-12-06 00:00:00,0
706,53,Male,Urban,86071,37,1813,49,22,32,Apparel,2022-12-07 00:00:00,0
707,23,Other,Urban,42237,22,902,41,10,33,Home Goods,2022-12-08 00:00:00,0
708,48,Female,Suburban,45649,42,1302,31,12,15,Electronics,2022-12-09 00:00:00,1
709,36,Male,Urban,67713,12,324,27,26,43,Home Goods,2022-12-10 00:00:00,0
710,61,Other,Urban,75409,42,1092,26,9,39,Apparel,2022-12-11 00:00:00,0
711,56,Male,Urban,78766,13,234,18,2,17,Apparel,2022-12-12 00:00:00,1
712,44,Female,Rural,76154,11,649,59,8,33,Home Goods,2022-12-13 00:00:00,1
713,27,Female,Urban,37016,16,704,44,27,24,Electronics,2022-12-14 00:00:00,1
714,43,Other,Rural,78688,8,168,21,11,44,Home Goods,2022-12-15 00:00:00,1
715,36,Female,Rural,84238,40,1520,38,22,5,Electronics,2022-12-16 00:00:00,1
716,56,Male,Urban,88608,40,1040,26,13,20,Electronics,2022-12-17 00:00:00,0
717,20,Female,Rural,61897,45,990,22,0,5,Home Goods,2022-12-18 00:00:00,0
718,62,Male,Urban,80961,2,108,54,17,31,Electronics,2022-12-19 00:00:00,0
719,30,Male,Suburban,98703,30,690,23,16,40,Apparel,2022-12-20 00:00:00,1
720,67,Female,Suburban,74757,30,1020,34,26,47,Home Goods,2022-12-21 00:00:00,0
721,45,Other,Suburban,56917,12,396,33,8,42,Electronics,2022-12-22 00:00:00,1
722,37,Female,Suburban,52736,10,490,49,8,38,Apparel,2022-12-23 00:00:00,0
723,45,Male,Rural,57990,44,1276,29,22,30,Home Goods,2022-12-24 00:00:00,0
724,25,Male,Urban,92551,11,286,26,9,41,Apparel,2022-12-25 00:00:00,1
725,58,Female,Urban,88161,15,600,40,18,9,Apparel,2022-12-26 00:00:00,1
726,56,Other,Urban,52440,16,800,50,28,29,Apparel,2022-12-27 00:00:00,0
727,18,Other,Suburban,65205,17,731,43,14,17,Electronics,2022-12-28 00:00:00,0
728,20,Male,Suburban,85103,26,832,32,4,23,Home Goods,2022-12-29 00:00:00,0
729,30,Male,Urban,71627,2,42,21,14,8,Home Goods,2022-12-30 00:00:00,0
730,45,Other,Suburban,49008,12,696,58,19,30,Electronics,2022-12-31 00:00:00,0
731,66,Female,Urban,62402,26,390,15,22,14,Home Goods,2023-01-01 00:00:00,1
732,42,Male,Urban,83384,23,667,29,29,3,Apparel,2023-01-02 00:00:00,1
733,50,Male,Urban,35793,18,378,21,24,39,Home Goods,2023-01-03 00:00:00,1
734,55,Other,Urban,35571,32,800,25,27,8,Electronics,2023-01-04 00:00:00,1
735,23,Female,Urban,46209,49,784,16,1,44,Apparel,2023-01-05 00:00:00,0
736,61,Other,Urban,73148,38,1634,43,12,8,Electronics,2023-01-06 00:00:00,0
737,62,Female,Urban,32224,47,1457,31,23,25,Apparel,2023-01-07 00:00:00,1
738,49,Female,Suburban,78695,3,87,29,15,3,Apparel,2023-01-08 00:00:00,0
739,62,Female,Urban,62441,38,760,20,14,16,Home Goods,2023-01-09 00:00:00,1
740,64,Male,Urban,69129,3,150,50,24,15,Apparel,2023-01-10 00:00:00,0
741,38,Other,Suburban,92368,30,1380,46,9,14,Electronics,2023-01-11 00:00:00,0
742,33,Other,Suburban,74760,1,35,35,13,34,Home Goods,2023-01-12 00:00:00,0
743,38,Female,Suburban,53478,30,1620,54,9,4,Electronics,2023-01-13 00:00:00,1
744,28,Male,Urban,42180,45,1575,35,24,4,Apparel,2023-01-14 00:00:00,1
745,54,Male,Rural,45372,32,1152,36,13,19,Electronics,2023-01-15 00:00:00,1
746,53,Other,Rural,59796,28,420,15,25,14,Electronics,2023-01-16 00:00:00,1
747,52,Male,Suburban,88272,21,399,19,29,17,Apparel,2023-01-17 00:00:00,0
748,36,Male,Rural,84040,46,828,18,22,46,Home Goods,2023-01-18 00:00:00,0
749,37,Female,Suburban,46211,13,403,31,8,1,Electronics,2023-01-19 00:00:00,0
750,35,Male,Urban,35842,27,675,25,24,28,Apparel,2023-01-20 00:00:00,0
751,64,Female,Rural,93115,36,756,21,13,12,Home Goods,2023-01-21 00:00:00,1
752,58,Other,Urban,96852,7,280,40,2,3,Home Goods,2023-01-22 00:00:00,0
753,66,Male,Rural,75968,22,1232,56,19,41,Home Goods,2023-01-23 00:00:00,0
754,31,Other,Urban,47508,10,460,46,15,44,Electronics,2023-01-24 00:00:00,0
755,32,Other,Rural,52005,39,1989,51,1,9,Electronics,2023-01-25 00:00:00,1
756,48,Male,Urban,84575,15,480,32,9,30,Electronics,2023-01-26 00:00:00,1
757,18,Male,Urban,48971,15,255,17,2,40,Home Goods,2023-01-27 00:00:00,1
758,20,Other,Rural,55599,4,156,39,10,7,Electronics,2023-01-28 00:00:00,0
759,33,Male,Urban,96914,32,832,26,10,2,Apparel,2023-01-29 00:00:00,1
760,40,Female,Urban,97055,23,529,23,20,47,Electronics,2023-01-30 00:00:00,0
761,28,Female,Urban,35355,6,174,29,20,45,Electronics,2023-01-31 00:00:00,0
762,29,Male,Rural,84120,24,432,18,21,8,Home Goods,2023-02-01 00:00:00,0
763,27,Other,Rural,68342,20,820,41,12,29,Electronics,2023-02-02 00:00:00,1
764,49,Male,Urban,32257,37,1702,46,6,10,Apparel,2023-02-03 00:00:00,1
765,33,Male,Urban,57364,20,340,17,22,34,Home Goods,2023-02-04 00:00:00,0
766,25,Other,Rural,54972,12,336,28,16,36,Apparel,2023-02-05 00:00:00,0
767,55,Other,Rural,56654,33,1056,32,29,41,Home Goods,2023-02-06 00:00:00,1
768,29,Female,Urban,59320,28,952,34,1,12,Home Goods,2023-02-07 00:00:00,1
769,41,Other,Urban,50808,8,336,42,11,35,Electronics,2023-02-08 00:00:00,1
770,45,Female,Urban,82389,1,41,41,24,12,Apparel,2023-02-09 00:00:00,0
771,25,Other,Suburban,64773,37,1554,42,9,11,Home Goods,2023-02-10 00:00:00,0
772,45,Male,Rural,81168,22,946,43,17,36,Electronics,2023-02-11 00:00:00,0
773,53,Female,Suburban,57747,6,324,54,21,9,Home Goods,2023-02-12 00:00:00,1
774,43,Female,Rural,87505,21,1155,55,26,8,Home Goods,2023-02-13 00:00:00,1
775,25,Female,Rural,48135,32,1568,49,10,6,Home Goods,2023-02-14 00:00:00,1
776,67,Male,Rural,77377,35,1295,37,15,1,Home Goods,2023-02-15 00:00:00,0
777,45,Male,Rural,53554,15,705,47,16,22,Home Goods,2023-02-16 00:00:00,0
778,45,Male,Rural,92491,5,245,49,18,38,Home Goods,2023-02-17 00:00:00,1
779,54,Male,Rural,85621,46,1610,35,17,39,Electronics,2023-02-18 00:00:00,0
780,58,Male,Rural,88283,48,2448,51,2,38,Home Goods,2023-02-19 00:00:00,1
781,53,Female,Suburban,46923,6,180,30,20,20,Apparel,2023-02-20 00:00:00,0
782,44,Male,Urban,77591,25,1400,56,26,22,Electronics,2023-02-21 00:00:00,1
783,34,Female,Urban,92261,46,1610,35,25,28,Apparel,2023-02-22 00:00:00,0
784,26,Male,Suburban,84336,40,1280,32,15,13,Home Goods,2023-02-23 00:00:00,0
785,50,Other,Suburban,90948,29,812,28,5,25,Apparel,2023-02-24 00:00:00,1
786,37,Female,Suburban,63002,7,392,56,24,4,Home Goods,2023-02-25 00:00:00,1
787,30,Other,Suburban,56672,40,1880,47,11,30,Home Goods,2023-02-26 00:00:00,1
788,45,Female,Rural,34213,13,598,46,10,24,Electronics,2023-02-27 00:00:00,1
789,65,Other,Urban,40293,38,2242,59,14,30,Electronics,2023-02-28 00:00:00,1
790,46,Male,Rural,85860,18,738,41,14,49,Home Goods,2023-03-01 00:00:00,0
791,30,Male,Urban,92507,2,60,30,15,19,Electronics,2023-03-02 00:00:00,1
792,63,Male,Urban,87134,8,200,25,9,43,Apparel,2023-03-03 00:00:00,1
793,52,Female,Suburban,32100,11,264,24,11,16,Electronics,2023-03-04 00:00:00,1
794,23,Other,Rural,91997,33,858,26,27,44,Electronics,2023-03-05 00:00:00,0
795,35,Male,Suburban,58172,38,1292,34,12,1,Apparel,2023-03-06 00:00:00,1
796,68,Other,Rural,50132,48,1440,30,3,24,Electronics,2023-03-07 00:00:00,1
797,22,Other,Urban,48199,27,432,16,6,12,Home Goods,2023-03-08 00:00:00,1
798,64,Male,Suburban,66609,20,300,15,21,38,Apparel,2023-03-09 00:00:00,0
799,42,Male,Suburban,72965,12,348,29,1,27,Home Goods,2023-03-10 00:00:00,0
800,19,Other,Urban,38016,43,1376,32,25,41,Apparel,2023-03-11 00:00:00,1
801,27,Male,Urban,69779,31,744,24,26,5,Home Goods,2023-03-12 00:00:00,0
802,47,Male,Urban,61881,27,1323,49,26,2,Home Goods,2023-03-13 00:00:00,1
803,67,Male,Suburban,54472,32,1376,43,26,34,Electronics,2023-03-14 00:00:00,0
804,62,Female,Rural,81813,10,540,54,14,17,Home Goods,2023-03-15 00:00:00,1
805,22,Other,Suburban,66021,3,78,26,7,10,Electronics,2023-03-16 00:00:00,0
806,50,Other,Rural,84131,45,900,20,6,19,Apparel,2023-03-17 00:00:00,1
807,18,Female,Suburban,54087,27,1053,39,14,4,Home Goods,2023-03-18 00:00:00,1
808,35,Other,Suburban,42828,35,770,22,22,18,Home Goods,2023-03-19 00:00:00,0
809,49,Male,Urban,91610,31,1736,56,13,21,Apparel,2023-03-20 00:00:00,1
810,64,Other,Rural,31401,15,885,59,7,18,Apparel,2023-03-21 00:00:00,1
811,66,Male,Suburban,45193,16,672,42,27,46,Home Goods,2023-03-22 00:00:00,1
812,28,Female,Suburban,74864,13,715,55,11,15,Apparel,2023-03-23 00:00:00,1
813,38,Male,Urban,50307,49,1274,26,12,23,Electronics,2023-03-24 00:00:00,0
814,43,Other,Urban,49611,35,1855,53,29,40,Apparel,2023-03-25 00:00:00,1
815,42,Other,Rural,73791,11,220,20,10,3,Apparel,2023-03-26 00:00:00,0
816,39,Other,Suburban,41950,21,630,30,16,14,Home Goods,2023-03-27 00:00:00,0
817,44,Female,Rural,32745,11,462,42,28,24,Electronics,2023-03-28 00:00:00,0
818,66,Female,Suburban,85243,30,1260,42,16,43,Apparel,2023-03-29 00:00:00,0
819,30,Other,Rural,33866,48,1008,21,23,34,Electronics,2023-03-30 00:00:00,1
820,50,Male,Urban,62245,35,1610,46,3,13,Electronics,2023-03-31 00:00:00,1
821,51,Female,Suburban,74724,22,572,26,20,48,Electronics,2023-04-01 00:00:00,0
822,58,Other,Rural,81374,38,1824,48,7,18,Home Goods,2023-04-02 00:00:00,1
823,52,Other,Urban,60116,31,1860,60,4,37,Apparel,2023-04-03 00:00:00,0
824,18,Female,Urban,50447,14,364,26,25,35,Home Goods,2023-04-04 00:00:00,1
825,38,Female,Rural,60431,24,912,38,15,6,Apparel,2023-04-05 00:00:00,1
826,65,Female,Suburban,47908,49,2891,59,3,29,Apparel,2023-04-06 00:00:00,1
827,23,Male,Suburban,59336,32,1024,32,27,18,Home Goods,2023-04-07 00:00:00,0
828,45,Male,Urban,70992,36,1872,52,21,48,Electronics,2023-04-08 00:00:00,0
829,34,Other,Suburban,85350,32,512,16,28,24,Electronics,2023-04-09 00:00:00,1
830,22,Female,Suburban,99561,15,600,40,14,15,Apparel,2023-04-10 00:00:00,0
831,48,Male,Suburban,81955,43,1333,31,11,46,Home Goods,2023-04-11 00:00:00,0
832,22,Female,Urban,91240,35,1995,57,4,39,Electronics,2023-04-12 00:00:00,1
833,55,Other,Rural,50093,3,102,34,29,7,Electronics,2023-04-13 00:00:00,0
834,20,Male,Suburban,36155,16,832,52,22,17,Apparel,2023-04-14 00:00:00,1
835,40,Male,Urban,76607,5,215,43,15,27,Apparel,2023-04-15 00:00:00,1
836,54,Male,Urban,63487,21,861,41,13,15,Home Goods,2023-04-16 00:00:00,1
837,54,Other,Rural,85668,10,560,56,9,18,Apparel,2023-04-17 00:00:00,0
838,27,Female,Suburban,50963,19,646,34,6,41,Electronics,2023-04-18 00:00:00,1
839,27,Male,Suburban,80124,25,725,29,12,16,Electronics,2023-04-19 00:00:00,1
840,36,Other,Rural,82870,4,84,21,19,44,Electronics,2023-04-20 00:00:00,0
841,34,Female,Rural,86547,29,1160,40,27,12,Electronics,2023-04-21 00:00:00,0
842,38,Other,Urban,94110,19,513,27,28,6,Home Goods,2023-04-22 00:00:00,0
843,31,Female,Urban,83554,43,1462,34,4,26,Home Goods,2023-04-23 00:00:00,0
844,26,Other,Rural,50936,2,96,48,28,9,Apparel,2023-04-24 00:00:00,1
845,63,Female,Suburban,34426,10,360,36,2,33,Apparel,2023-04-25 00:00:00,0
846,18,Male,Urban,57606,43,2236,52,14,35,Apparel,2023-04-26 00:00:00,0
847,68,Female,Urban,77832,25,825,33,3,24,Home Goods,2023-04-27 00:00:00,0
848,62,Other,Suburban,58151,20,680,34,14,5,Electronics,2023-04-28 00:00:00,0
849,30,Other,Urban,41308,48,1488,31,13,23,Apparel,2023-04-29 00:00:00,1
850,21,Female,Suburban,92522,19,893,47,19,17,Electronics,2023-04-30 00:00:00,0
851,18,Male,Suburban,75671,23,368,16,18,22,Apparel,2023-05-01 00:00:00,1
852,66,Male,Suburban,32204,24,936,39,12,5,Apparel,2023-05-02 00:00:00,0
853,57,Female,Rural,61131,11,407,37,9,28,Apparel,2023-05-03 00:00:00,1
854,49,Female,Rural,82428,46,1702,37,20,24,Apparel,2023-05-04 00:00:00,1
855,51,Other,Rural,63870,34,1870,55,4,16,Apparel,2023-05-05 00:00:00,0
856,45,Male,Suburban,79067,28,868,31,26,45,Electronics,2023-05-06 00:00:00,1
857,48,Female,Suburban,88585,5,245,49,22,23,Apparel,2023-05-07 00:00:00,0
858,25,Male,Rural,51607,5,200,40,19,10,Electronics,2023-05-08 00:00:00,1
859,56,Female,Urban,54968,21,840,40,28,25,Home Goods,2023-05-09 00:00:00,1
860,43,Female,Suburban,41908,12,660,55,19,33,Apparel,2023-05-10 00:00:00,1
861,51,Male,Urban,56423,4,108,27,24,27,Electronics,2023-05-11 00:00:00,0
862,20,Female,Urban,91215,49,1470,30,5,2,Home Goods,2023-05-12 00:00:00,1
863,67,Female,Suburban,85835,42,2436,58,3,10,Home Goods,2023-05-13 00:00:00,0
864,29,Other,Suburban,79429,20,460,23,1,37,Home Goods,2023-05-14 00:00:00,1
865,18,Female,Urban,68458,38,988,26,21,13,Electronics,2023-05-15 00:00:00,1
866,61,Female,Urban,76169,25,1075,43,15,25,Apparel,2023-05-16 00:00:00,1
867,22,Female,Rural,37659,14,700,50,17,47,Apparel,2023-05-17 00:00:00,1
868,47,Other,Rural,90614,11,176,16,4,20,Electronics,2023-05-18 00:00:00,1
869,47,Male,Suburban,62793,32,928,29,21,38,Apparel,2023-05-19 00:00:00,1
870,34,Other,Rural,76473,11,638,58,3,29,Electronics,2023-05-20 00:00:00,0
871,65,Other,Rural,85751,18,630,35,29,7,Apparel,2023-05-21 00:00:00,0
872,64,Male,Rural,84254,27,891,33,12,19,Home Goods,2023-05-22 00:00:00,0
873,40,Other,Rural,37006,18,576,32,18,47,Apparel,2023-05-23 00:00:00,1
874,32,Male,Urban,95344,23,644,28,22,31,Electronics,2023-05-24 00:00:00,0
875,54,Other,Suburban,63840,11,605,55,1,21,Electronics,2023-05-25 00:00:00,1
876,38,Male,Rural,62430,21,903,43,12,6,Home Goods,2023-05-26 00:00:00,0
877,31,Female,Urban,53091,44,1980,45,10,8,Electronics,2023-05-27 00:00:00,0
878,19,Other,Urban,62983,5,170,34,29,44,Apparel,2023-05-28 00:00:00,1
879,28,Other,Urban,53989,23,1035,45,21,0,Apparel,2023-05-29 00:00:00,1
880,68,Other,Rural,48990,41,697,17,28,28,Home Goods,2023-05-30 00:00:00,0
881,56,Other,Rural,66081,25,1100,44,3,7,Electronics,2023-05-31 00:00:00,0
882,55,Female,Suburban,41033,41,1353,33,21,3,Home Goods,2023-06-01 00:00:00,0
883,51,Other,Rural,46241,10,380,38,19,34,Apparel,2023-06-02 00:00:00,0
884,55,Female,Rural,35939,22,814,37,19,2,Home Goods,2023-06-03 00:00:00,1
885,67,Female,Urban,77562,19,437,23,14,44,Electronics,2023-06-04 00:00:00,0
886,51,Female,Suburban,65063,1,28,28,3,39,Home Goods,2023-06-05 00:00:00,1
887,35,Female,Rural,57045,7,112,16,8,6,Electronics,2023-06-06 00:00:00,1
888,47,Male,Rural,74769,4,136,34,6,26,Electronics,2023-06-07 00:00:00,0
889,32,Male,Urban,77118,1,57,57,18,0,Apparel,2023-06-08 00:00:00,1
890,44,Other,Urban,51625,15,270,18,18,26,Apparel,2023-06-09 00:00:00,0
891,68,Male,Rural,57076,40,2040,51,5,15,Apparel,2023-06-10 00:00:00,1
892,51,Male,Suburban,94805,12,348,29,5,37,Electronics,2023-06-11 00:00:00,1
893,69,Other,Suburban,74605,22,396,18,19,6,Home Goods,2023-06-12 00:00:00,0
894,55,Other,Urban,69121,22,638,29,14,43,Electronics,2023-06-13 00:00:00,1
895,50,Other,Urban,95101,47,2632,56,14,22,Apparel,2023-06-14 00:00:00,1
896,41,Male,Rural,61433,17,918,54,24,40,Apparel,2023-06-15 00:00:00,0
897,32,Male,Urban,73309,29,1363,47,19,10,Home Goods,2023-06-16 00:00:00,1
898,47,Other,Rural,97468,46,2622,57,8,41,Apparel,2023-06-17 00:00:00,1
899,59,Female,Suburban,74254,14,770,55,3,32,Apparel,2023-06-18 00:00:00,0
900,68,Other,Suburban,97293,20,420,21,17,49,Apparel,2023-06-19 00:00:00,0
901,34,Female,Rural,67853,48,1200,25,17,35,Home Goods,2023-06-20 00:00:00,1
902,22,Female,Urban,68405,33,561,17,4,36,Electronics,2023-06-21 00:00:00,1
903,46,Other,Suburban,96652,43,1978,46,19,40,Apparel,2023-06-22 00:00:00,1
904,21,Other,Urban,73527,15,390,26,22,16,Home Goods,2023-06-23 00:00:00,0
905,27,Other,Suburban,30492,12,420,35,29,34,Apparel,2023-06-24 00:00:00,1
906,34,Male,Rural,38811,40,1080,27,10,47,Home Goods,2023-06-25 00:00:00,1
907,27,Female,Rural,54272,20,520,26,4,4,Apparel,2023-06-26 00:00:00,1
908,34,Male,Rural,77153,30,690,23,21,47,Home Goods,2023-06-27 00:00:00,1
909,37,Male,Suburban,84110,38,1786,47,25,31,Apparel,2023-06-28 00:00:00,1
910,41,Other,Urban,43979,3,60,20,3,2,Electronics,2023-06-29 00:00:00,1
911,22,Male,Urban,58328,28,560,20,28,46,Apparel,2023-06-30 00:00:00,0
912,51,Other,Urban,42867,26,1326,51,11,34,Home Goods,2023-07-01 00:00:00,0
913,23,Female,Suburban,89234,30,1500,50,1,13,Apparel,2023-07-02 00:00:00,1
914,19,Other,Suburban,55851,13,364,28,12,47,Electronics,2023-07-03 00:00:00,1
915,30,Male,Suburban,61279,13,455,35,9,30,Apparel,2023-07-04 00:00:00,0
916,60,Male,Suburban,45449,2,70,35,8,30,Home Goods,2023-07-05 00:00:00,0
917,60,Other,Suburban,35451,37,999,27,9,16,Home Goods,2023-07-06 00:00:00,0
918,65,Other,Urban,71316,49,2891,59,6,23,Electronics,2023-07-07 00:00:00,1
919,28,Male,Suburban,93064,38,2166,57,3,22,Home Goods,2023-07-08 00:00:00,1
920,68,Female,Suburban,93761,2,100,50,18,17,Apparel,2023-07-09 00:00:00,1
921,64,Female,Urban,68870,36,936,26,9,49,Apparel,2023-07-10 00:00:00,1
922,40,Other,Suburban,60873,26,1066,41,29,13,Apparel,2023-07-11 00:00:00,0
923,33,Female,Urban,88627,11,583,53,2,49,Home Goods,2023-07-12 00:00:00,0
924,48,Male,Urban,96155,8,272,34,24,14,Apparel,2023-07-13 00:00:00,0
925,28,Other,Rural,55372,44,1980,45,20,14,Apparel,2023-07-14 00:00:00,0
926,33,Male,Rural,33642,40,880,22,28,5,Apparel,2023-07-15 00:00:00,1
927,25,Male,Rural,58001,43,2580,60,18,26,Electronics,2023-07-16 00:00:00,1
928,21,Female,Rural,64064,22,484,22,20,14,Home Goods,2023-07-17 00:00:00,0
929,57,Other,Suburban,44122,20,720,36,1,49,Home Goods,2023-07-18 00:00:00,0
930,21,Other,Rural,54820,8,408,51,26,35,Home Goods,2023-07-19 00:00:00,0
931,42,Female,Urban,98431,29,1682,58,19,7,Electronics,2023-07-20 00:00:00,0
932,20,Male,Suburban,85745,40,1000,25,9,14,Home Goods,2023-07-21 00:00:00,0
933,49,Male,Rural,80081,26,1482,57,1,2,Electronics,2023-07-22 00:00:00,1
934,20,Male,Urban,38711,30,600,20,1,46,Electronics,2023-07-23 00:00:00,1
935,44,Male,Suburban,48793,17,850,50,27,12,Home Goods,2023-07-24 00:00:00,0
936,46,Other,Suburban,38199,20,540,27,23,40,Apparel,2023-07-25 00:00:00,0
937,49,Other,Rural,66191,16,784,49,16,33,Apparel,2023-07-26 00:00:00,0
938,67,Female,Suburban,40211,46,1610,35,15,23,Home Goods,2023-07-27 00:00:00,1
939,68,Female,Urban,93069,43,2193,51,15,39,Home Goods,2023-07-28 00:00:00,1
940,36,Other,Suburban,86746,7,287,41,13,31,Electronics,2023-07-29 00:00:00,1
941,38,Other,Urban,51542,16,720,45,6,31,Home Goods,2023-07-30 00:00:00,0
942,22,Male,Suburban,61312,45,2565,57,20,29,Electronics,2023-07-31 00:00:00,1
943,35,Male,Rural,75242,47,2538,54,10,48,Home Goods,2023-08-01 00:00:00,0
944,45,Female,Urban,85388,48,1440,30,23,12,Apparel,2023-08-02 00:00:00,1
945,59,Other,Suburban,57691,27,1593,59,0,0,Apparel,2023-08-03 00:00:00,1
946,39,Female,Suburban,52601,23,1219,53,10,33,Home Goods,2023-08-04 00:00:00,1
947,38,Other,Suburban,48020,24,816,34,22,14,Electronics,2023-08-05 00:00:00,0
948,23,Male,Urban,38155,9,216,24,20,43,Apparel,2023-08-06 00:00:00,0
949,18,Female,Urban,99119,35,1820,52,3,13,Electronics,2023-08-07 00:00:00,1
950,22,Female,Urban,66777,20,1000,50,6,28,Home Goods,2023-08-08 00:00:00,0
951,58,Other,Rural,49710,37,1813,49,25,33,Home Goods,2023-08-09 00:00:00,0
952,29,Male,Rural,54532,42,840,20,14,17,Apparel,2023-08-10 00:00:00,0
953,43,Female,Urban,48601,17,255,15,17,6,Home Goods,2023-08-11 00:00:00,0
954,63,Male,Suburban,93227,47,1316,28,11,28,Apparel,2023-08-12 00:00:00,0
955,51,Female,Rural,34967,31,961,31,16,30,Electronics,2023-08-13 00:00:00,0
956,66,Male,Urban,50022,8,232,29,0,24,Apparel,2023-08-14 00:00:00,0
957,31,Other,Suburban,73463,15,750,50,10,37,Apparel,2023-08-15 00:00:00,1
958,43,Female,Rural,35722,31,558,18,27,13,Electronics,2023-08-16 00:00:00,0
959,62,Female,Suburban,57413,30,1410,47,0,7,Apparel,2023-08-17 00:00:00,0
960,44,Male,Suburban,96732,46,782,17,14,26,Apparel,2023-08-18 00:00:00,1
961,26,Male,Suburban,42297,20,540,27,27,1,Home Goods,2023-08-19 00:00:00,1
962,43,Female,Suburban,98323,39,780,20,20,16,Electronics,2023-08-20 00:00:00,1
963,64,Other,Rural,53816,12,372,31,9,36,Apparel,2023-08-21 00:00:00,1
964,39,Male,Rural,70695,49,2891,59,6,13,Electronics,2023-08-22 00:00:00,0
965,64,Male,Rural,49702,17,901,53,1,24,Electronics,2023-08-23 00:00:00,1
966,47,Male,Urban,55242,42,2142,51,9,29,Apparel,2023-08-24 00:00:00,1
967,60,Female,Rural,85841,30,600,20,23,28,Home Goods,2023-08-25 00:00:00,0
968,65,Female,Suburban,97712,29,638,22,3,19,Electronics,2023-08-26 00:00:00,0
969,34,Female,Rural,83574,19,437,23,11,20,Apparel,2023-08-27 00:00:00,0
970,43,Female,Suburban,58482,46,2254,49,18,21,Electronics,2023-08-28 00:00:00,1
971,53,Other,Urban,39171,11,165,15,25,34,Home Goods,2023-08-29 00:00:00,0
972,18,Other,Suburban,33696,34,1734,51,10,36,Home Goods,2023-08-30 00:00:00,1
973,25,Female,Suburban,50058,7,308,44,7,15,Home Goods,2023-08-31 00:00:00,0
974,66,Other,Suburban,50313,44,1056,24,17,49,Apparel,2023-09-01 00:00:00,0
975,52,Male,Urban,49149,34,1292,38,10,48,Apparel,2023-09-02 00:00:00,1
976,69,Male,Rural,83521,20,540,27,10,42,Home Goods,2023-09-03 00:00:00,0
977,32,Male,Rural,75740,38,1368,36,12,16,Apparel,2023-09-04 00:00:00,0
978,64,Female,Urban,34956,24,912,38,2,15,Home Goods,2023-09-05 00:00:00,0
979,39,Male,Suburban,96641,10,590,59,11,1,Apparel,2023-09-06 00:00:00,0
980,31,Other,Rural,93811,32,1696,53,2,3,Home Goods,2023-09-07 00:00:00,0
981,43,Female,Urban,82160,15,330,22,9,20,Electronics,2023-09-08 00:00:00,1
982,45,Other,Rural,81313,37,666,18,26,38,Home Goods,2023-09-09 00:00:00,1
983,40,Male,Urban,93232,20,540,27,16,33,Home Goods,2023-09-10 00:00:00,0
984,31,Male,Suburban,45417,3,174,58,21,29,Apparel,2023-09-11 00:00:00,1
985,41,Male,Rural,54729,37,1295,35,1,5,Apparel,2023-09-12 00:00:00,1
986,19,Female,Urban,60099,40,1760,44,16,16,Apparel,2023-09-13 00:00:00,1
987,62,Other,Rural,59961,8,200,25,15,38,Apparel,2023-09-14 00:00:00,0
988,43,Female,Rural,42602,40,1480,37,1,24,Apparel,2023-09-15 00:00:00,0
989,31,Female,Rural,39256,44,1364,31,27,4,Apparel,2023-09-16 00:00:00,0
990,68,Male,Rural,64681,23,1242,54,21,4,Electronics,2023-09-17 00:00:00,1
991,24,Female,Urban,94789,40,800,20,29,19,Home Goods,2023-09-18 00:00:00,1
992,20,Female,Suburban,73361,11,429,39,19,15,Home Goods,2023-09-19 00:00:00,0
993,64,Male,Urban,94503,46,1656,36,5,40,Home Goods,2023-09-20 00:00:00,0
994,40,Female,Urban,64540,8,200,25,27,36,Electronics,2023-09-21 00:00:00,1
995,63,Male,Urban,56536,29,1363,47,24,39,Home Goods,2023-09-22 00:00:00,1
996,60,Male,Suburban,93043,30,810,27,28,8,Electronics,2023-09-23 00:00:00,0
997,64,Male,Rural,86575,10,330,33,9,4,Electronics,2023-09-24 00:00:00,1
998,62,Male,Rural,32871,39,936,24,27,41,Electronics,2023-09-25 00:00:00,1
999,35,Female,Rural,76002,28,1652,59,9,1,Home Goods,2023-09-26 00:00:00,1
1000,55,Male,Suburban,79812,49,1127,23,7,8,Electronics,2023-09-27 00:00:00,1
